,Review,Clustering_id
0,宣传的书本厚度严重缩水!!,59
1,很好！孩子喜欢！大赞一个,17
2,很好,2
3,首先，快递师傅的工作热情和态度很好，其次东西包装完好。先给好评。不错。,35
4,一本字典大小，买来当作参考书用，喜欢。随时查。有些东西书店买不到，网上可以买到。希望自己能用的着。工作路还长，一切希望能走的更远，更好。2017，加油。,60
5,方便携带，平时翻翻，随时学习。,91
6,不错，书店找不到，还是网店方便，好好学习天天向上,11
7,很好啊，质量很好，上班几年了，有空时多学习一下！,63
8,封皮颜色看起来怪怪的，喜欢原有的第七版的设计,71
9,像字典那么大，内容比较全面。,62
10,剛收到，小哥送貨快，挺滿意的，,47
11,物流很快，正品行货，满意！,63
12,京东物流太速度了，买这本书就是因为小，带着方便,38
13,打包一看封面掉漆，沾贴不正，象不是正规厂家出版的，内容有待确认。,8
14,双11在京东给宝宝买了太多的书，满减过后的价格非常美丽，印刷的质量也很好，小家伙现在每晚都要一个故事才肯乖乖睡觉。,24
15,东西好的没话说，下次还买，一如既往的支持东西好的没话说，下次还买，一如既往的支持东西好的没话说，下次还买，一如既往的支持,36
16,给娃囤的，6个月娃只会啃，没有什么耐心听故事，长牙阶段太闹腾。,1
17,内容经典，娃爱不释手，要讲好多遍，活动期购买超级划算,62
18,京东活动真多啊，又买了好多好多，绘本不嫌多。,1
19,金羽毛这系列书都不错，适合大一点的小朋友，先买来收藏着，搞活动买也十分优惠，包装的很好！,24
20,jd的书一两个月就要购入很多本绘本选择很多,65
21,给小孩买的陪着小孩一起阅读希望他也爱上读书,65
22,还不错吧，值得购买。。。。。。。。。,49
23,商品符合预期，京东物流给力。,63
24,好书替象棋大师买的信任京东就是快,53
25,很不错适合孩子上小学前放假使用,39
26,非常好，很适合用，下次再来，很有建设性，希望大卖？,39
27,一直在京东买东西的，很不错,0
28,京东速度就是快，小朋友可以练起来了。,70
29,挺好的书，很多人建议这本书呦,77
30,小朋友很喜欢,75
31,推荐好书,21
32,不错,7
33,书不错，值得一看。,77
34,618活动全场200-100，还是挺划算的，帮同事买的书。,13
35,此用户未填写评价内容,6
36,"一本好书。宝贝已经收到了，真的是物有所值非常的满意。卖家的服务态度很好发货速度也很快，包裹的严严实实没有任何破损。快递小哥送货速度快，总体来说是一次愉快的购物呀，下次有需要还会再来买买买！与卖家描述的完全一致，非常满意,真的很喜欢，完全超出期望值，发货速度非常快，包装非常仔细、严实，物流公司服务态度很好，运送速度很快，很满意的一次购物。",87
37,塑封包装，商品完好。看纸质印刷，应该是正版。内容实用，值得购买。,27
38,这本书涉及实体建模、线性精力分析、接触分析、弹塑性分析、热应力分析、多体分析、动态分析等，既适合ABAQUS初学者和中级用户，也为ABAQUS高级用户提供了有用的参考,15
39,没有光盘和数据文件，可操作性不好,96
40,作者通过自己的劳动，让我们这些初入门的软件用户可以更方便直接的了解和掌握abaqus的详细设置，争取把全套集齐～,15
41,有参考价值。翻译的比较生硬。,22
42,不错呢，有光盘供学习的。,40
43,东西还不错，唯一的遗憾不是彩印的！双十二物流有点慢，可以理解。,47
44,我每个月林林总总要买很多东西，如果逐一评价我会很崩溃，所以特别制作一下模版，当你看到这段话的时候，说明我对此产品很是满意，后来者可以放心大胆的购买，当然我并非一个不负责任的买家，如果产品不好，我也会花一番功夫来好好评论番的！,18
45,"宝贝已经收到了，真的是物有所值非常的满意。卖家的服务态度很好发货速度也很快，包裹的严严实实没有任何破损。快递小哥送货速度快，总体来说是一次愉快的购物呀，下次有需要还会再来买买买！与卖家描述的完全一致，非常满意,真的很喜欢，完全超出期望值，发货速度非常快，包装非常仔细、严实，物流公司服务态度很好，运送速度很快，很满意的一次购物。",73
46,在听钟老师烦闷的时候用段老师激情的声音解解闷还是可以的,83
47,单位集体下单购买，100多本书，第二天就到了，没有错误，很好很方便,16
48,单位集体下单购买，100多本书，第二天就到了，没有错误，很好很方便,16
49,单位集体下单购买，100多本书，第二天就到了，没有错误，很好很方便,16
50,单位集体下单购买，100多本书，第二天就到了，没有错误，很好很方便,16
51,相信高甲，希望物有所值吧，包装都快散架了，快递速度还行，西安仓发出的，不过同一单下的，北京来的快递比书还快一天，但是比普通快递快多了，辛苦快递员了,47
52,京东服务好，购物方便，书正在用着，很好实用，满意。,38
53,京东服务好，购物方便，书正在用着，很好实用，满意。,38
54,真的很有用，不仅是司法考试，对公务员考试也很有帮助,19
55,真题解析。。。不知道哪个刑诉老师解析最好，希望物有所值吧，包装都快散架了，盒子都破了，快递速度还行，西安仓发出的，不过同一单下的，北京来的快递比书还快一天，但是比普通快递快多了，辛苦快递员了,11
56,特别好，很详细，推荐购买！,14
57,16年1版1印，书就是个噱头，跟李大师估计没啥关系，所谓的6666套限量就是个玩笑。节选本没啥意思，还是买中华书局的全本研读吧。,76
58,书很好，价格也实惠，而且选材独特，与一般选本并不重合。购书只选京东,76
59,正版图书，折扣价格合理。,62
60,还可以。发货很快。好评,35
61,东西很好，十分的喜欢,14
62,配送还可以，书质量好，大概翻了下，是自己想要的!,27
63,商品质量好，正品保障，配送特别快，服务态度也很好！,63
64,不错，看起来是正版，满意,32
65,不必要买的书，与李敖木有关系好不好,34
66,剛剛開始看，但是看著還不錯，慢慢閱讀，期待更好,40
67,暑期图书各种活动，捡大便宜了！？京东搞活动开心伤钱包啊！！！,53
68,总是要买的，京东是个理想选择！,36
69,红红火火恍恍惚惚呵呵哈哈哈,28
70,质优价廉，非常满意，好评,14
71,不错，质量好，非常满意,63
72,一直喜欢有视频的书,21
73,提前为新学期做好准备，假期可以自学一下，印刷质量和内容都不错。,11
74,非常满意,89
75,不错不错，书挺好的啊！！！,10
76,看着包装就不错，物流更是一如既往的好!,63
77,印刷纸张都很满意，希望宝宝能喜欢,30
78,非常感谢京东商城给予的优质的服务，从仓储管理、物流配送等各方面都是做的非常好的。送货及时，配送员也非常的热情，有时候不方便收件的时候，也安排时间另行配送。同时京东商城在售后管理上也非常好的，以解客户忧患，排除万难。给予我们非常好的购物体验。,18
79,可能是比较抢手的书，需要从外地调，所以快递慢了一点。,8
80,太贵了，我还以为典藏版是精装的，结果不是，那为什么叫典藏版呢？平装的，定价太可怕了,80
81,在京东买了很多书，囤起来慢慢读。,64
82,还可以，还可以，还可以！,37
83,不错的东西啊,89
84,书不是全本，节选的人物传记。阅读没有障碍，排版可以，纸张一般。总体评价四星半，给个五星。,22
85,让孩子复习用的，比书店便宜，主要是，物流给力，快递快递员服务好。,51
86,让孩子复习用的，比书店便宜，主要是，物流给力，快递快递员服务好。,51
87,不错，备课用，案例挺长的，全是比较新鲜，晒个目录,11
88,呃，还是一样的套路，建议买教学案例那本,33
89,书编写很好，方便查询，还包括大事记，开阔视野,3
90,第一次上《思想道德修养与法律基础》课，买回来参考一下，内容很有启发，不错的一本参考书。只不过平台让报税号，开得还是老式发票，这下报销困难了，希望尽快改进。,44
91,书的质感不错，配套使用，京东自营送货就是快，每次着急用什么第一时间就选择京东自营，从未失望！,38
92,书非常不错，东西多又好玩，一切都不错。,22
93,备课用，案例较新，有参考价值。,19
94,书很好非常有用，可以好好备课用了！,85
95,买来备课用，案例还挺新挺实用的。,19
96,给讲的课程不一样,33
97,此用户未填写评价内容,6
98,好的,2
99,初中要求的必读书，希望阅读给孩子带来知识和快乐。,95
100,孩子非常喜欢看三毛。信任京东。目前家里的所有用品几乎都在京东购买，物流还有质量保证，以及售后都是我选择的原因。本来药品是最谨慎的，但是信任京东，相信京东也希望一直将正品坚持到底，严格把关，这是长久发展之关键。加油，京东！！！,18
101,先买了一本《三毛流浪记》，孩子看得很好，我也跟着重温儿时快乐。他发现封底还有这四本的介绍，想买来看，支持，立刻下单。哈，京东飞速送达，孩子开心极了。,1
102,书是好书，要是能再便宜点就好了，一直在京东买东西，质量有保障，物流快，最重要的是售后好。,38
103,一套棒棒哒??????????,59
104,孩子们特别喜欢的一套书。百看不厌，值得推荐,85
105,每年京东618活动都是那么的给力，尤其是购买图书绘本，买满400实际付款100超超超值!!!无论是老大的拼音故事书，DK系列，还是老二钟爱的各种绘本，不乘机多屯一些都说不过去,53
106,此用户未填写评价内容,6
107,都在京东购书，发货速度，隔天就到，书都是正版，质量很好，内容很丰富，小孩子很喜欢看，好评。,38
108,书质量非常好，非常喜欢，性价比超高，非常满意，儿子非常喜欢看三毛，买了一本又一本，一不小心整套都买齐了，非常满意书的插图都是彩色的，非常棒，比看动画片强大多了，非常满意，非常喜欢的小人书，非常满意性价比，非常喜欢非常好看！！！,54
109,家里的小朋友刚读完一年级，三毛这本书上有拼音，孩子基本都能读懂的！很适合这个年纪的小朋友阅读，强力推荐这本书，孩子非常喜欢！,24
110,预习用非常好，群里推荐的。,11
111,非常不错的图书，值得购买,61
112,买了1-84，又得一本一本的收了。,4
113,从小看到大~超级喜欢柯南~质量不错，满100减50买的，划算.............,65
114,有包装的精致一些，单独买就不敢恭维了,45
115,这是一定一定要买的，不用说，另外整个快递和装帧还是很棒的，虽然图书节，但是物流依旧那么快，赞一个,27
116,质量一般般，随便看看还是可以滴，收藏留算了,39
117,之前买了一箱子，到84，现在凑到了90，粉开心,70
118,超级满意，之前在某宝补了空缺的，这次无意间看到了京东有活动，立马补齐后面的！很满意！过塑包装！棒棒哒！,0
119,书还可以，然后一直很喜欢柯南，没想到京东上也有卖的真的很方便,38
120,书依然很好，包装依然只用塑料袋装…,21
121,"很不错,喜欢boxset,现在工作忙了,经常忘了一本一本买,这样超级方便`",24
122,昨天下单书本已收到，物有所值,38
123,很不错的书。,77
124,一直信赖京东自营店。,36
125,一直信赖京东自营店。,36
126,正版货，字迹很清楚，京东好棒！,0
127,帮朋友买的，速度很快，赞一个！,63
128,不错！赞一个！小孩很喜欢！再赞一个！下次还买它！,14
129,不错，书本责量蛮好的，无气味，物有所值,27
130,非常好，京东快递就是棒！全部5星！,35
131,挺好的，就是包装上有一些损坏,8
132,评价订单,82
133,针对新课标的辅导书籍，出版得非常及时！,3
134,还好的，小孩比较喜欢。好评。,14
135,"东西很好,喜欢因为本仙女很懒,不想每一件商品都一样一样地去写好评,所以特意写了****评论。但是这件商品无论是质量、材质还是款式,肯定都是本仙女所中意的,最后当然不可能忘了给这件商品一个好评,给宝宝们一个购物参考,这个产品还是非常值得购买的!",18
136,一诺千金，读音yínuòqiānjīn。是汉语成语，意思是指许下的一个诺言有千金的价值。比喻说话算数，极有信用。也叫千金一诺。出自《史记·季布栾布列传》。,67
137,书的质量很好不错哦，值得大家购买！很适合男孩子看的哦！很棒！！孩子很喜欢，加油！,54
138,京东的书真的是很不错书到的速度非常的快不说。书的包装我很满意，最主要的就是书的质量。没有任何的破损,27
139,书本质量很好，孩子特别喜欢看，可以说爱不释手，天天让我给读，以后会经常光顾！,72
140,一般吧，都是老叶，对得起这个价格，建议买高一档的,33
141,吃喝用，现在都来京东！为消费者把关，值得我们信赖！,36
142,男孩喜欢，给朋友孩子买的。99元10本，又用20券。79元10本,1
143,京东的活动，99元十本，买来送给孩子陪他度过假期时光！！！,53
144,好评，速度很快。书包装的也比较好，收货后中没有发现褶皱。,27
145,给小孩买的！还可以！,45
146,拿到手几天了，工作有点忙。。还没看,59
147,还不错，看看再说吧,59
148,有点小用处，没事看看呗。,86
149,这套书的印刷，印作的选择都不甚够精细，前言尚可读。这个价钱确实是太贵了！不相匹配！,76
150,买了一堆书，暑假慢慢看，打对折很便宜！,64
151,VeryGood～,81
152,"非常感谢京东商城给予的优质的服务，从仓储管理、物流配送等各方面都是做的非常好的。送货及时，配送员也非常的热情，有时候不方便收件的时候，也安排时间另行配送。同时京东商城在售后管理上也非常好的，以解客户忧患，排除万难。给予我们非常好的购物体验。ThankyouverymuchfortheexcellentserviceprovidedbyJingdongmall,anditisverygoodtodoinwarehousemanagement,logistics,distributionandsoon.Deliveryinatimelymanner,distributionstaffisalsoveryenthusiastic,andsometimesinconvenienttoreceivethetime,butalsoarrangedfortimetobedelivered.AtthesametimeinthemallmanagementJingdongcustThankyouverymuchfortheexcellentserviceprovidedbyJingdongmall,anditisverygoodtodoinwarehousemanagement,logistics,distributionandsoon.Deliveryinatimelymanner,distributionstaffisalsoveryenthusiastic,andsometimesinconvenienttoreceivethetime,butalsoarrangedfortimetobedelivered.AtthesametimeinthemallmanagementJingdongcust",69
153,挺好玩的一本小书，凑单买的，只是闲来无事翻翻，原先以为图会比较多，但是实际也没有多少图，早知道就买电子书啦。我是100-50买的，原价的话性价比就低了。,1
154,内容很轻松，很好?,62
155,在app上看到好多装修的朋友都会用到这里讲的东西、很多人推荐这本书、不想在网上看、还是买来纸板的有质感、插画风格独特、很喜欢这个风格、看了不会腻,44
156,不错！真心喜欢这本书，收纳真的是个大问题，这本书更适合已经买房子的家庭，不过一些小收纳知识可以活学活用！而且是有插话的，看着也不烦闷，特别易懂！,44
157,书封挺好看的里面就有点简单了都是图内容基本上都是公众号的内容,76
158,很好玩的一本书，轻松做家务。谢谢京东送货师傅的优质服务。,85
159,"非常感谢京东商城给予的优质的服务，从仓储管理、物流配送等各方面都是做的非常好的。送货及时，配送员也非常的热情，有时候不方便收件的时候，也安排时间另行配送。同时京东商城在售后管理上也非常好的，以解客户忧患，排除万难。给予我们非常好的购物体验。ThankyouverymuchfortheexcellentserviceprovidedbyJingdongmall,anditisverygoodtodoinwarehousemanagement,logistics,distributionandsoon.Deliveryinatimelymanner,distributionstaffisalsoveryenthusiastic,andsometimesinconvenienttoreceivethetime,butalsoarrangedfortimetobedelivered.AtthesametimeinthemallmanagementJingdongcustomerserviceisalsoverygood,tosolvecustomersuffering,overcomealldifficulties.Giveusaverygoodshoppingexperience.！",90
160,产品质量不错，赶到搞活动的时候买的，优惠力度比较大，价格挺便宜的，值得推荐。,0
161,没想到双11期间，快递竟然隔天就能收到了。很喜欢这本书，赠送的是真彩的钢笔，一看牌子就觉得质量肯定有所保证，字体、内容都不错！,24
162,本书主要围绕LNG液化工艺及储运工艺中所涉及的主要低温装备，研究开发LNG工艺流程中主要过程控制装备的设计计算技术。,15
163,包装的很好，京东质量值得信赖，一直在京东买东西，放心，而且京东快递只有一个字“块”，嘿嘿！,0
164,图纸很多，表格挺多，参数挺多，质量也可以。,22
165,京东的书还不错，这个是从外地调的，时间也不长！,51
166,看上这款宝贝已经很久了，终于到手了，挑来挑去挑了这家，事实证明我的眼光还是很好的哟，没有让我失望，做工和质量都很好，发货快，物流快,73
167,书收到了，没有什么破损的地方。本人在机械厂上班，天天开50、80的摇臂钻，这几天看了快一半了，有一定的参考价值。,11
168,此用户未填写评价内容,6
169,书是正品，但是不是我想要的！我想要的是钳工实用技术手册，结果下单是装配钳工??,98
170,粗看了一遍，很多内容都是不错的复习内容，毕业几年忘的差不多了,11
171,正版书籍，京东自营就是可信，时不时就有优惠活动，极度好评哦！,13
172,书应该是正版的，纸质量不错，公司职工书屋添置的书籍，希望员工可以多多借阅，发挥书籍的正能量。,24
173,好,81
174,好,81
175,还可以一直京东买杂志方便,21
176,一直京东买杂志还可以方便,53
177,好，很好，给孩子加深记忆，有利于学习。值得购买！,14
178,看起来不错，跟着教材循序渐近，希望对孩子有帮助。,11
179,"非常好的一本书,每学期都买,孩子很喜欢",85
180,实用的工具书，孩子开学必备！！！,58
181,物美价廉，满足使用的要求,89
182,质量可以，不过买错版本了。,8
183,不错,7
184,2本半是标准规范，卖得贵了，不厚道。,80
185,东西非常好，质量正品，相信京东从来没有失望过，快递不用说很给力，比在实体店买的实惠，比在其他地方买的放心而且速度还很快，太棒了相信京东给力极了！,73
186,京东半价买的，很不错，就是编教材的差劲，多一半都是规范，规范还不给条文说明，考试的时候还得带规范原本过去，编委太缺德了！图里面有体现标准规范的厚度。感觉是凑数的，还不如都去掉，书价格便宜点。,11
187,备考吧，现在难度应该增加了吧,60
188,书有几页破损，纸张有点薄,21
189,书很厚实，很重，还没看,22
190,准备考吧，老了看这么多书累。,60
191,书不错，价格尤其好。囤货囤货，还没有过基础考试呢,11
192,东西非常好，质量正品，相信京东从来没有失望过，快递不用说很给力，比在实体店买的实惠，比在其他地方买的放心而且速度还很快，太棒了相信京东给力极了！,73
193,正版书籍，印刷质量不错，用了优惠券，聊胜于无，只是单本用塑料袋包装，边角有点磕坏,8
194,非常不错的书，物流也很快，赞一个?,27
195,还为了绿军烦恼痛苦人可怜我是继续不悱不发内容可类固醇呢呢呢快点解放解放你的康多贾尼福克斯老挝日常居家减肥呢人呢,28
196,信赖京东图书，质量好，物流快，书还没有看，纸张还是挺好的,38
197,给单位买的，应该不错吧,39
198,宝贝很好，速度快！喜欢京东商城！,73
199,物流速度很快，头天下的单第二天就到了。京东牛。,47
200,书不错，还有折扣，好评,99
201,送给孩子的礼物，他们很喜欢！,75
202,非常实用，努力学习,40
203,买买买上京东，速度快，是正品，每次评价有京豆，当我要好评时我就用这个粘贴的，给差评的时候就认真写了！。。。,98
204,此用户未填写评价内容,6
205,。。。。。,49
206,书本崭新，内容全面孩子很满意，我也可以看看提升一下自己的水平????,54
207,字典挺好的，著名的幺建华老师的，都说好，买来试试，祝我能通过吧！,11
208,很好，很不错，希望对考职称有帮助~~！,54
209,外壳上稍稍有一点磨损，总的来说还是不错的，字迹清晰，书本很厚实，内容也全面。好评！,27
210,东西很好，排序非常科学。印刷质量也不错。,30
211,书的质量还是不错的，先屯着备用备用,11
212,内容涵盖很全，职称英语考试中很好用，值得,19
213,希望对我的考试有用。这是经朋友推介的～,78
214,老师指定买的书，字体印刷清晰，是正版。,11
215,嗯、看着还不错，随手翻了哈，应该是正版,8
216,京东优惠价叠券，很划算！轻型纸印刷，厚厚一册却很轻便，举厚若轻，很不错的书！很喜欢！京东快递就不用说了，又快又好!!!,87
217,厄普代克作品：兔子，跑吧，好书再版，质量比之前好，价钱也好,10
218,大名鼎鼎的兔子四部曲终于再版了，定价六十多一本，洛阳纸贵？,4
219,好好学习天天向上，希望京东越来越好。,70
220,值得购买、收藏的书，需要认真阅读。,95
221,好书，很满意，适合收藏的…,99
222,这套书真是太好了，值得反复阅读的佳作,3
223,书的品相很好，快递给力，好评！,27
224,书已收到。屯起来，有空看。,64
225,618活动买，平时把想要的都收藏了，每年都这时候买，优惠券可以叠加使用，太合适，虽然618，送货依旧很快，京东小哥很负责的说今天送的全是书…………,98
226,商品评分5分请至少填写一件商品的评价买家印象一般般吧背面可当镜水流大出水均匀出水量很大出水方式多花洒头大质量好出水顺畅自,0
227,破损,7
228,一直都在京东购物，物流一如既往地快速，货品正版，很满意！！,73
229,下次，关于官员的文章的合集千万别买，没错的～,4
230,此用户未填写评价内容,6
231,这一本超级好！！！！吹爆它作为高一学生我觉得它的答案解析还有翻译都特别准长时间坚持有帮助成绩提高,58
232,希望买自营的东西，一个速度快，二是方便,45
233,书看起来质量不错，希望对自己有所帮助。,11
234,专业角度介绍相关内容，还不不错的,62
235,很好很喜欢希望京东能够多搞一些图书优惠活动推动全民阅读,38
236,非常好的科普书，孩子喜欢，大家都爱看,85
237,好书，包装不错,99
238,还好,7
239,写的不好，多处出现事实性错误。,86
240,注册公司代理记账,82
241,趁着双十一囤的，先放在家里慢慢看！,51
242,趁着双十一囤的，先放在家里慢慢看！,51
243,京东双十一入手的，每满200-100，再用了满300-100的券，价格很实惠；对于区块链这一新兴事物很感兴趣，尤其是未来的发展趋势。希望本书能答疑解惑，将这一新兴事物解释清楚。,15
244,宝贝质量很好，用着很方便。,47
245,构建价值互联网的角度看，区块链的出现意味着从0到1。正因如此，本书章节结构与常见的体例不同，从第0章开始。第0章从文字与货币的起源出发，通过论述人类信息传递和价值传输手段的进步，说明区块链技术诞生的必然性。第1章用深入浅出的语言讲解区块链的本质、运行原理、颠覆性潜力以及区块链技术的现状与未来；第2章宏观讲述了区块链技术带来的新产品和新机遇，包括数字货币、互联网金融、物联网，以及新一代的基础设施；第3章则较为具体地讲述区块链技术在不同行业中可以实现的应用场景；第4章深入讲述了区块链的技术原理；后记部分，作者以对话的形式回答了读者关心的问题：区块链离我们还有多远。,15
246,书很不错由浅入深可读性很强很喜欢这本书让我了解到什么是区块链等读完后再来详细评价。,44
247,"质量非常好，与卖家描述的完全一致，非常满意,真的很喜欢，完全超出期望值，发货速度非常快，包装非常仔细、严实，物流公司服务态度很好，运送速度很快，很满意的一次购物质量很好，希望更多的朋友信赖．店主态度特好，我会再次光顾的．可不可以再便宜点．我带朋友来你家买。不好意思评价晚了，非常好的店家，东西很欢！买来这个是送人的她很喜欢卖家的贴心让我感到很温暖。很热情的卖家，下次还来希望下次还有机会合作祝你生意兴隆质量非常好真出乎我的意料包装非常仔细非常感谢。祝生意兴隆！！",18
248,物美价廉送货快商品赞！甲骨文丛书太经典了，值得购买!,38
249,速度非常快，第二天就收到了，超赞的！！！！,14
250,又快要到一年一度的双十一抢购热潮期啦，京东商城又开始满减大促销，外加各种优惠券，机会难得啊，每天早晚加夜间，只要有时间。就上京东a@各种优惠券，抢抢抢，抢得晕头转向，往购物车里扔扔扔，再凑单，凑凑凑，白天就在家里收快递，门铃响个不停，和新来的快递小哥都快成朋友了，收到东西感觉买的值值值，物有所值。京东物流快递还是一如既往的迅速，值得表扬。快递小哥辛苦啦！谢谢！,18
251,提高孩的学习能力，快递也挺快的，孩子也喜欢,47
252,（2017春）单元双测小学数学三年级下苏教版JSJY,34
253,凑单买的，还不错，送货快,47
254,不错......,2
255,挺好的,89
256,很好,2
257,不错,7
258,很好,2
259,漫画书，还可以。,64
260,书已收到?很是不错非常喜欢！继续支持京东呵呵！,38
261,正版图书，值得购买。,61
262,还不错,89
263,编者是有经验的对外汉语教师，适合现代的课堂教学要求,62
264,挺好的课本,21
265,不错的一本书，值得推荐一读。,77
266,第一次买京东自营的书，物流太给力了，很快，书会慢慢看，觉得不错再来追加,38
267,很好的书，受益匪浅。推荐阅读。,77
268,挤时间，多学习，开拓思维长见识！京东的服务我满意。,70
269,刚到货，随手翻了翻，先看了个序言，观点不错,76
270,商品包装及物流速度都很好很快很给力，文字内容更物有所值！,73
271,熟人看了还是不错的，但是这个金钱与生活嗯，主要是想学一些关于财经方面的一些知识，我操,78
272,凯恩斯的预测失败了?,33
273,一次买了88本，现在京东发卷少了，并且买多不可以累计减，慢慢看。货从北京上海发，广州仓库少货,16
274,在京东买书很方便，正版图书，性价比高！以后还会再买的~,38
275,原本在书城看到这套书不全还贵果断在京东买到纸质厚实色彩艳丽配图生动有趣是每个小朋友都必看的寓言故事,65
276,物流很快，物美价廉，好评吧！,63
277,挺好！快递也快,35
278,这本书虽然薄薄的但是画得很好印刷也不错,99
279,书非常好，快递速度快,27
280,这本书读给儿子听时他都说这人好傻，挺喜欢的,57
281,不错的，，，，，，，，，，，，，，，，，,89
282,还行吧。一般。书被折得真难看。,8
283,第一次在网上给闺女买书本，闺女说字很清晰，没有味道，信任京东，以后还会继续买！,38
284,好评,2
285,迫不及待开封，最近迷上了诗歌，买了很多，这是第二批,4
286,蛮好看的书，趁京东618超级划算的感觉哈哈，感谢强东，感谢章泽天太太.鸡汤书还没快,76
287,书还没看，给个好评先,10
288,不错的，一次买了4本，慢慢看，包装都很好。,99
289,优惠券只能买限定书，不怎么样。优惠券只能买限定书，不怎么样。优惠券只能买限定书，不怎么样。,53
290,非常好！！！！！！！！！！！！,12
291,很实用，还会继续购买,14
292,焦虑不代表努力，写的就是我自己呀，努力学习,60
293,很喜欢这本书，对于刚刚进入社会有很大的帮助，希望能深刻的认识到自己，以后的路也要好好规划，值得拥有、,44
294,还没看呢，给老公买的,1
295,还没开封，留着出差途中慢慢品读,40
296,好书！值得信赖的京东！下次还在京东自营买！好书！值得信赖的京东！下次还在京东自营买！,10
297,《中国画技法.兼工带写画法》是花鸟画的新技法，好！,56
298,很不错，内容丰富，详实，非常好的专业书籍,61
299,618活动买的，用了优惠卷，买了一套，那是相当实惠，还没看，毕竟是讲义，应该不错，可以系统的学习一下中医。,11
300,还可以，，，，，,49
301,快递送的挺及时，书的质量也很好,27
302,very-good------/,2
303,教辅资料一直买京东的，挺好，价格也比书店的便宜。,11
304,印刷质量一般般，这个版本的《菜根谭》白话文翻译加入了译者的个人理解，没有逐字逐句解释，可以和其他的版本相对应地读研。,76
305,虽然我年纪大了，但是还想学学历史，于是就买了这本书。,78
306,很好，应该是正品自营的应该不会假。,47
307,正版图书，包装、快递都很不错，赞。,27
308,这本书的装帧很好，只有五百多页显然不会是史记的全部内容。是选的原著的一小部分。,76
309,学校老师推荐购买的，希望孩子好好看书！！！,54
310,不错，儿子说好看懂。儿子对历史很有兴趣。,57
311,很好看，京东正版，物流快。喜欢。,63
312,书一文不值。《史记》全书12本纪、30世家、70列传、10表、8书，共130篇526500字，本书只选了18篇……#了。终于发现这套《国学典藏系列》是装饰品，不是读品。再也不在京东买书了?,98
313,收到货的感觉棒棒哒！好东西，物美价廉！值得拥有！绝对值得拥有！！,14
314,宝贝不错，包装严实，是正版，下次再来。,73
315,简单。细节不能详细。只有我自己摸索。不过也就是种大蒜头而已。只是繁琐碎。产量小。如果与大蒜头反过来。就是蒜头不好种，反正物以稀为贵。,33
316,书是好书，可是只有表格，没有实例，不太好哦。,95
317,暑假孩子们看书买书还是在京东上买比较方便。书的种类也很多！各种跨店铺的满减活动都非常适用，价格也很划算,13
318,京东就是给力，优惠大，送货快，嘻，让我抢到叠加券真是太高兴了，希望京东继续给力！！,36
319,宝贝很不错，强烈推荐。,14
320,非常好的教材。内容丰富多彩，,62
321,这本小学教材全解非常的好!,58
322,京东买书就是嗨，今天下手明天来，书目品种多又多，解决问题好又快！,53
323,本书按照《语文课程标准》的要求，本书编写内容丰富，信息充足，知识点覆盖面全，规律方法总结全，是教材同步学习工具书。课前预习板块，提供29种识字方法，5种解词方法，从4个角度介绍作者信息，从多个层面展示课文背景，帮用同学们扫除阅读“拦路虎”，为深入理解课文做好准备。,79
324,很不错的学习资料，孩子一直都在用这个，觉得内容非常丰富，能帮助孩子好好学习。,85
325,书中有典型例题，思路分析。还有基础知识整理有利于学生掌握要领。非常感谢！,54
326,是一本提前预习的好资料，题类丰富！,58
327,非常好，性价比高，女儿很高兴。,14
328,不错，分析的很仔细,17
329,老板人很好，要的有点急，给现上架商品，谢谢老板！老板人很好，要的有点急，给现上架商品，谢谢老板！老板人很好，要的有点急，给现上架商品，谢谢老板！老板人很好，要的有点急，给现上架商品，谢谢老板！,90
330,内容非常丰富，开阔了自己眼界。收获很多,62
331,虽然后了几天，不过也感谢！不错！,17
332,正版，很有用，京东折扣力度大，很划算。书讲解系统，对复习很有帮助，版式设计合理科学，非常不错！,85
333,正版，很有用，京东折扣力度大，很划算。书讲解系统，对复习很有帮助，版式设计合理科学，非常不错！,85
334,买到就是赚到，书质量不错，期待学到做到！,99
335,书一般，手法单一，没创新，没概念，不太好。,22
336,东西还行！说实话我初学者看得有点懵！有穴位点，还有拔罐标记！还要拿三棱针刺血！真的懵逼了,80
337,书的质量没话说，至于内容如何需要临床的验证，京东配送非常给力，很满意，赞一个,87
338,可以在家庭学习了解，印刷排版质量也好,40
339,本书的印刷排版质量不错，内容也很好,3
340,很实用的一本书，印刷排版质量也好,99
341,初次接触刺血疗法～感觉内容比较多,26
342,挺好的，比较喜欢,39
343,内容少了点，不算比较新奇吧！,86
344,非常划算，用券买的，京东让人放心！,36
345,又快又好，支持京东！,36
346,太喜欢了，看惯了国外绘本，换成国内的水墨画，简直太美，上海美术电影制片厂出品的书，推荐！,85
347,这才是中国孩子该看的绘本,88
348,非常完美的一套书，还带拼音，女儿很喜欢，京东小哥很可爱。,85
349,孩子喜欢，一起重新回到自己小时候。,75
350,薄薄的一本，适合大一点的孩子阅读，胶板纸，边角很锋利。儿童推荐书单大多都是外国的作品，其实我们国家经典的儿童动画也丝毫不逊色。屯一批童年的回忆，和孩子一起看。,24
351,非常感谢京东大力发展图书文化，这次活动期间，为家里宝宝的成长，购买了好多好多书，再次感谢京东平台，能买到这么优惠又实惠的图书。,24
352,不错，便宜好用。参加活动购买，比实体店实惠多了。现在东西基本都京东买了，省了好多钱。,0
353,用料非常扎实做工精细设计合理美观物流很快非常满意,35
354,不好看，水墨的颜色不太喜欢,39
355,书质量很好，图画也很精美,99
356,此用户未填写评价内容,6
357,印刷质量很好，快递也很快！,30
358,九十九十本，连续买了很多。很是划算。推荐同事也买了。,64
359,东西不错，都很喜欢啊，下次还会买一些的。送人啊。,39
360,千里迢迢几经周转很快从上海来到身边，货物完好无损，感谢京东各工序人员的辛勤工作。书是布面硬精装，装帧典雅、印装精良、版式设计及纸张选用都是很好的。先买来《冷月孤灯.静远楼读史》看看，有机会再买《曾国藩》《张之洞》《杨度》以及唐浩明评点曾国藩家书、日记、奏折、书信、诗文、语录等典藏系列。（一起还买了梁实秋的《雅舍谈吃》，评价时忘发图片了，在这儿捎带着发了供大家参考。）,52
361,推荐喜欢曾国藩的朋友先从唐浩明的评点系列入手，这套广东人民出版社的精装很好，遗憾的是没有《评点曾文正公嘉言炒》，觉得评点语录没有评点嘉言炒好，全套已入（评点系列6套7册加一本静远楼读史共8册，原价共390=150.2，3.9折。唐浩明晚清三部曲9册原价418=138，3.3折）。好书低于4折可以入。听说三部曲用神券可以做到100元真是厉害，我觉得能3折的价格就很好了。,52
362,终于又有活动了，遗憾此次有优惠的书的范围有些小，买着不过瘾。感谢jd送货的师傅。,16
363,这几年关于曾氏的书籍在各大书店甚至地摊上都非常热销，既如此肯定有它的道理，买来看下，顺便收藏。京东快递非常给力，头天中午下单，第二天中午收货，为快递小哥的速度和工作热情点赞！近期买书太多，没来得及细看，只发现用纸很棒，封面不是布面，而是硬纸板印刷的仿布效果。,24
364,看外表没有损坏，内容还没看，不过对这次的运输不是很满意，箱子偏大，被压扁了，还好没有损坏书籍。,8
365,比预计的到货早，京东速度。书不错，收下这个版本，慢慢读吧。,27
366,送货快，包装好，内容精，印刷美，字体大，优惠多，确实好，下次来，京东棒。,0
367,送货快，包装好，内容精，印刷美，字体大，优惠多，确实好，下次来，京东棒。,0
368,推荐喜欢曾国藩的朋友先从唐浩明的评点系列入手，这套广东人民出版社的精装很好，遗憾的是没有《评点曾文正公嘉言钞》，觉得评点语录没有评点嘉言炒好，全套已入（评点系列6套7册加一本静远楼读史共8册，原价共390=150.2，3.9折。唐浩明晚清三部曲9册原价418=138，3.3折）。好书低于4折可以入。听说三部曲用神券可以做到100元真是厉害，我觉得能3折的价格就很好了。,52
369,推荐喜欢曾国藩的朋友先从唐浩明的评点系列入手，这套广东人民出版社的精装很好，遗憾的是没有《评点曾文正公嘉言钞》，觉得评点语录没有评点嘉言炒好，全套已入（评点系列6套7册加一本静远楼读史共8册，原价共390=150.2，3.9折。唐浩明晚清三部曲9册原价418=138，3.3折）。好书低于4折可以入。听说三部曲用神券可以做到100元真是厉害，我觉得能3折的价格就很好了。,52
370,非常好！送货快！可惜卷过期了，要不肯定多买点……,14
371,很好呢,2
372,挺好的，印刷质量不错，内容参考价值高。,99
373,很不错，这本书市面上已经难买到，农业出版社在出版一次算是嘉惠学林,34
374,这种类目的书可不多见啊。,4
375,世界的和平与稳定，你的时候我的人,50
376,商品满意,82
377,网上购物选择京东，就是因为京东物流真是很棒！包装好，速度快，送货上门，快递小哥服务态度超好！质量不错。,73
378,英语老师给我们推荐的，内容简介、很全面，里面故事很有趣，六年级的学生也可以做一些试试哦～强烈推荐给大家这款好货！！！,54
379,好评嗯嗯而且速度快,14
380,阅读材料时效性强，题材广泛，题型丰富多样，值得拥有,62
381,很好，速度很快，质检很好，很棒,35
382,超级划算！好！值得拥有！下次还会再来！,14
383,是正版，书感觉不错，很喜欢。送货快速，包装很好。,27
384,难度不大，对孩子来说，词汇少的可能难度大些。,57
385,现在家里大小商品都京东买了，不用出门送货到家，?,70
386,购买方便，内容详细,62
387,书的质量不错，印刷比较清晰。,99
388,自从有了京东…书店超市能不去的都不去了…,98
389,梁晓声的大长篇小说都看了，短篇也陆陆续续看了一些，这本一次性补全，非常不错,76
390,该书本总的来说还是不错的，质量还可以，刚好适合自己的要求。,11
391,"内容很棒，书也做的很精致,喜欢！",99
392,物流很给力，看过一本梁晓声的书，追书,27
393,书很好，喜欢,99
394,很好,2
395,信任京东图书，是正版书，包装结实，物流很快。,38
396,京东很给力！再给京东赞一个！,36
397,体会不一样的论语！精彩！,56
398,不错的书籍,21
399,国内首部日军联队专著，怎能不来一发?照片很多，图幅较大也比较清晰，属于崎峻典型的图史,58
400,总体来说内容不错，科普类读物，,61
401,这本书的品相还是很好的，绝对的是全品书。也就是说封面很平很新，没有折角，印刷精致美丽大方，当然就很漂亮啦。要说到品相好，还得说说它的正文啊！每一页上都有字呢！每个字都能看清楚呢！最难能可贵的就是每页都很规整，没有脱页、漏页的现象出现呢！每个字印刷的都很精细呢。好的，现在品相已经评论完了，至此品相这一个环节还是可以打个很高的分呢。说完了品相，接下来我们该评论些什么内容呢？是书的内容？还是书的包装？还是书的运输？还是书的价格呢？我觉得还是先从书的内容说起吧！基于以上几点我给这本书一个好评。,52
402,经典作品，内容精彩，值得购买。,62
403,《太平洋战争中的日本陆军联队全史》以太平洋战争期间的日本陆军联队为著述对象，以*主要作战力量的步兵联队、炮兵联队和战车联队作为研究对象，介绍其编制构成、武器装备、战斗路线，与战役行动相结合，并配以相关的历史地图、照片，讲述了日军各联队在太平洋战争期间的作战历程，揭示日本陆军从诞生、发展直至覆灭的历史过程。,94
404,经常在京东买书，就是因为实惠，质量好。物流块。,38
405,必须讲京东这次的外包装太给力了，书内容很好，发货速度很快！,38
406,好书！！！很喜欢！！！！！,12
407,纸张质量和印刷非常满意，全铜版纸印刷，厚重工整，16开大本，字迹有点小但很清晰，只是对内容不满意所以给3星，原因是文不对题，这不是全史只是联队的片段史，而且只是太平洋战争的一个片段史，作者的文章组织结构反常规，通常一个部队的全历史编写应该以这个部队的视角，从始到终按时间顺序来写（指文的党卫军1、2、3、5就是这样组织的），但本书是按照1941-1945太平洋战争的时间顺序写的，因此对每一个联队的描写就只有这个联队参加某一个大型战役的部分，这个战役之前的内容没有，联队怎么发展壮大的也没有，战役之后去了哪里也没有，而且任何一个战役都不可能是一个联队独立完成的，因此每个联队的片段描述都至少有一半的篇幅是写其他联队的，并且视角是站在战略全局的位置，篇幅也不长，对这个联队士兵、军官和所发生的战斗经历的细节描述基本全无，浏览起来感觉很奇怪，和看太平洋战争全史没太大差别，并且里面一半的图片是美军拍摄的，日军自己的图片太少，基本了解不到各个联队的具体情况，要不是因为印刷质量好可能会选择退货了。建议作者去日本参观一下靖国神社，到那里取一些图片都要好的多。,42
408,不错，挺好的，很喜欢。。。,17
409,感觉还是比较实用，有一定帮助。,39
410,书的质量很好，内容还不错，值得购买，信赖京东！,38
411,孩子非常喜欢，每天都会看几页，爱不释手。,23
412,这个系列的著作堪称经典，无论纸张还是印刷都不错，无论阅读还是收藏，都是完美。就是有点贵！,76
413,很好的书，几位作者之前的作品都拜读过，很不错，值得推荐。,77
414,很好的书，物流很快。还会买的。,27
415,还不错，挺好的。就是找不到总复习的,11
416,内容很好，案例具体巧妙。,62
417,不怎么好，没想到这么薄，字体还挺大，这样整本书的内容就显得太少了！薄薄薄薄薄薄,76
418,好,81
419,好评，五星好评，满五星好评，凑字满五星好评，,17
420,买来看看啦，老师推荐的,51
421,有点儿意思。,86
422,又好，又快推荐!!??,17
423,还行吧还行吧还行吧啊,37
424,价给便宜，书的质量也不错！,99
425,书籍还不错，对写论文有些参考价值,40
426,书的质量是不错的，但是这个字应该是从整篇文章中抠出来的，不是专门写的单字，所以有些字的收笔比较奇怪，但是总体还是很高水准的,22
427,蛮好的，知识通俗易懂，分析到位，虽然~人有点讨厌，但~的管理还是总结的蛮到位的。1.全面，对于一个初入职场不久的人来说，太深奥的管理知识也看不懂，而这本书则很好的解释了权威的知识。入夜渐渐微凉，繁花落地成霜，你在我远房眺望，耗尽所有目光不思量，自难相忘。。。,78
428,不错，很喜欢,17
429,分级阅读，逐步提升阅读水平，还有听力，给力,40
430,速度超快，物流好给力,35
431,物流太给力了，过年了,47
432,不错，很喜欢,17
433,不错，很喜欢,17
434,送货快,43
435,送货快,43
436,还不错哦，妈妈已经开始学起来了,75
437,印刷清晰，纸张厚实，正文字体大，视觉效果好，物流给力！内容丰富。很好的版本。五分！,30
438,送货超级快，这就是我喜欢京东的理由！在购物车里放了近一年多，终于趁活动下手。超值！,36
439,好书，有前人注解，没有翻译。博大精深，需要花时间仔细阅读。理学入门读物。,58
440,送货很快。书的质量很好。,30
441,不错，这个装帧很喜欢，就是怕不耐脏。了解理学之阶梯，唯一不解的是朱熹为什么没有收录邵雍的语录。,57
442,很好的书，印刷清晰。内容棒棒的，各方面都很满意！,99
443,国学经典之书，装帧设计也非常好。,3
444,京东自营！！品质保证！！,36
445,国学经典，必读书目，很好。,62
446,物流迅速，价格便宜，值得购买！,63
447,小学生的必读书目，给孩子买回家。再慢慢一本一本的看,95
448,画面精美，封面手感很特别，值得收藏！这是一个长故事的绘本，有了图案，内容变得更加明白易懂。,72
449,不错，很好，给娃囤的，京东价格很给力,0
450,孩子喜欢，一直这里买书。,64
451,好好好好好好好好好好好好好好好好好好好,20
452,书的包装和纸质还不错，没有味道，孩子很喜欢,72
453,一如既往棒棒哒！,17
454,质量杠杠滴,89
455,不错,7
456,不错,7
457,这本书也是同事推荐购买的，内容符合人教版的教材实际，不仅能增加孩子的课外阅读面知识面，孩子也很喜欢！后面读高年级还是会继续购买。,24
458,和语文教科书是同步的，平时做做挺不错的，增加点知识量,40
459,第一次在京东上购书，希望是正品。,38
460,书还可以的，建议包装再结实一点,8
461,最喜欢京东的物流了，完爆其他电商。,70
462,不错，是新版,21
463,奇文史笔红楼梦不知所谓,34
464,书很好，值得拥有。,99
465,今生今世深圳南山南笨蛋笨蛋少男少女对你的么么哒,50
466,是围棋老师推介买的，一直在练习，这次围棋比赛突飞猛进，终于荣升二段了,1
467,书的内容趣味性十足、适合儿童从入门开始学习围棋。在做这套书之前，我们先设计了葛老师卡通人物的形象，并将卡通头像用在封面和篇章页上，配上了“葛老师心语”“葛老师提示”等贴心的话，让书的内容适合各个年龄段的小朋友学习。,79
468,质量不错，价格合理，京东值得信赖。,0
469,京东购物方便快捷，送货速度杠杠的，评价送京豆。,0
470,非常好的东西，下次还会买的！,14
471,儿子就在葛道学围棋买来做做题,33
472,质量很高的死活题训练集。,58
473,买错了，难度有点高，还得重买,33
474,喜欢！！！！！！！！！！！！！,12
475,非常好。一直在京东购物！,36
476,很好。,89
477,不错。,89
478,送货挺快的，质量也挺不错,63
479,绘本节活动京东自营也优惠多多，非常棒，质量好，物流派送满意,0
480,书的破损挺大的，包装也不太好,8
481,诗歌都比较短小，内容丰富,68
482,感觉很好，精装版的，一直在京东买,38
483,京东物流快，配送服务好！学习参考书。用健康的蔬菜粉代替色素，健康，小朋友喜欢！,54
484,身体出现有什么不适轻松知道出现什么症状了，可以及时避免很多疾病的发生,92
485,为北邮计算机复试买的考点都覆盖了课后题也很经典,40
486,很好的产品，京东自营让人信赖，值得购买。如有质量问题，退换货十分方便。比实体店要好。,0
487,印刷质量很好！,30
488,好,81
489,书到了，还没看，每天花一点时间，我这个非会计专业的会计刺客养成之路开启,95
490,虽然是做活动，这也太脏了，三本书直接放在纸盒里发货了。就算是去年的书，边角的撕裂和破损实在是太明显了，很像退货的。要不是急用就退货了,8
491,"本没有认真评论过，不知道浪费了多少豆豆，这个福利真的很不错，妥妥每次都写100多字，这是第N次在网_上买东西了，棒棒棒，好厉害好厉害，东西便宜质量好，物美价廉，买的放心，用的放心，开心，感觉都买上瘾了，买买买根本停不下来，东西多而且又全，划算,方便，实惠，包装也好，没有任何损坏，会-直支持下去的。足不出户就可以买到所有日常生活需要的食物、日用品及生鲜水果，简直是太合适了来基本没有认真评论过，不知道浪费了多少豆豆，这个福利真的很不错，值得购买，特意分享给大家。基本没有认真评论过，不知道浪费了多少豆豆，这个福利真的很不错，妥妥每次都写100多字，这是第N次在网.上买东西了，棒棒棒,好厉害好厉害，东西便宜质量好，物美价廉，买的放心，用的放心，开心，感觉都买上瘾了，买买买根本停不下来，东西多而且又全，划算,方便，实惠，包装也好，没有任何损坏，会一直支持下去的。足不出户就可以买到所有日常生活需要的食物、日用品及生鲜水果，简直是太合适。",9
492,应该是盗版书，店家有点不地道了。,8
493,京东这速度不服不行！书不错，趁着4月份正式的教材上市前热热身,11
494,总是在京东买东西，每一样东西都能及时送达，质量好，价格低，导致我都不喜欢用其他的网购平台，宝贝性价比很高，购买之前我还是有对比的，我买的东西不一定是最好的，但一定是最具有性价比的，特别是为孩子、为家人购买的物品，一定是考虑有考虑好之后的选择，所以我信任京东，希望京东能再接再厉，做得更好更大，提供更多更好的物品，为京东的商品和服务点赞！为京东的卖家、客服、仓管、老板、快递员点赞！反正希望大家能够喜欢我评价的物品。,18
495,音乐会曲目。学习者可由此对钢琴四手联弹的各类不同风格和演奏技术，有较明晰的了解。此书亦可作为钢琴多样性教学的补充材料。本曲集册的作品，按作曲家出生的先后排序，以初、中级程度为主，选曲31首四手联弹曲目。第二册为中、程度曲目。在后半部分，编入莫扎特两首的奏鸣曲和舒伯特的幻想曲。汇编多种不同类型、风格各异的作品于一集，旨在扩大学习者的视野，让我们能更多地了解钢琴四手联弹曲目，并在学习中有更宽,48
496,音乐会曲目。学习者可由此对钢琴四手联弹的各类不同风格和演奏技术，有较明晰的了解。此书亦可作为钢琴多样性教学的补充材料。本曲集册的作品，按作曲家出生的先后排序，以初、中级程度为主，选曲31首四手联弹曲目。第二册为中、程度曲目。在后半部分，编入莫扎特两首的奏鸣曲和舒伯特的幻想曲。汇编多种不同类型、风格各异的作品于一集，旨在扩大学习者的视野，让我们能更多地了解钢琴四手联弹曲目，并在学习中有更宽,48
497,音乐会曲目。学习者可由此对钢琴四手联弹的各类不同风格和演奏技术，有较明晰的了解。此书亦可作为钢琴多样性教学的补充材料。本曲集册的作品，按作曲家出生的先后排序，以初、中级程度为主，选曲31首四手联弹曲目。第二册为中、程度曲目。在后半部分，编入莫扎特两首的奏鸣曲和舒伯特的幻想曲。汇编多种不同类型、风格各异的作品于一集，旨在扩大学习者的视野，让我们能更多地了解钢琴四手联弹曲目，并在学习中有更宽,48
498,音乐会曲目。学习者可由此对钢琴四手联弹的各类不同风格和演奏技术，有较明晰的了解。此书亦可作为钢琴多样性教学的补充材料。本曲集册的作品，按作曲家出生的先后排序，以初、中级程度为主，选曲31首四手联弹曲目。第二册为中、程度曲目。在后半部分，编入莫扎特两首的奏鸣曲和舒伯特的幻想曲。汇编多种不同类型、风格各异的作品于一集，旨在扩大学习者的视野，让我们能更多地了解钢琴四手联弹曲目，并在学习中有更宽,48
499,好读书读好书，这样的书更有价值和意义,56
500,以均衡认知负荷为研究目的，通过设计编码手段及实验验证,96
501,很快，收到了。不错。,35
502,还可以，发货速度比其他几本都要快,27
503,买了五本书，唯一一本品相良好的书,64
504,不错，一如既往的好！,17
505,错误有点多?,26
506,不错。。。。。。。，很好。。。。,49
507,还行吧,37
508,好评,2
509,有点老旧了2011版的,21
510,这是一本好书，值得推荐！,77
511,不错。,89
512,内容全面，易懂，孩子说对高中学习有帮助。,19
513,中国语言文学文库·典藏文库：高华年汉藏语论稿，想要的书,34
514,东西很赞，相信京东正品，发货快，派件员很赞，以后还会来的,73
515,学习,81
516,包装改进了！点一下赞！,17
517,买了好多，虽然是平装，但海豚花园的绘本内容还是很经典，这些适合4-6岁的孩子看，京东的送货速度没得说，现在基本就是京东都解决了,24
518,塞北草原，自古乃夷狄聚居之地，及至近代，始乃沐华夏文明之光。余生于斯，长于斯，尝感学问之不足，欲访名师而不可得。盖此地文明开化未久，治学问者若凤毛菱角。此路不通，余无法，求人不若求己，转而攻读史籍，冀能解惑一二。余常至书店，惜居近处无有大书店，既而觅书于网络之书肆，如当当，亚马逊，京东之类，经年有余，所购之书几可占满书房。积余经年之经验，论及书籍之全，非当当莫属，欲购外文书籍，则宜至亚马逊，评论亦精当，至若价格之公道，邮递之便捷，态度之亲切，服务之贴心，当推京东。余观留言之书友，亦多有此感，甚慰吾言之不孤。以此亦知，京东之优秀，名副其实矣。盖狡者可欺一人，可欺百人，安可欺千千万万人？可欺一时，安可欺一世？,66
519,塞北草原，自古乃夷狄聚居之地，及至近代，始乃沐华夏文明之光。余生于斯，长于斯，尝感学问之不足，欲访名师而不可得。盖此地文明开化未久，治学问者若凤毛菱角。此路不通，余无法，求人不若求己，转而攻读史籍，冀能解惑一二。余常至书店，惜居近处无有大书店，既而觅书于网络之书肆，如当当，亚马逊，京东之类，经年有余，所购之书几可占满书房。积余经年之经验，论及书籍之全，非当当莫属，欲购外文书籍，则宜至亚马逊，评论亦精当，至若价格之公道，邮递之便捷，态度之亲切，服务之贴心，当推京东。余观留言之书友，亦多有此感，甚慰吾言之不孤。以此亦知，京东之优秀，名副其实矣。盖狡者可欺一人，可欺百人，安可欺千千万万人？可欺一时，安可欺一世？,66
520,我们总是感觉到，父母对自己的爱表现为一种控制，希望孩子按照自己规定的方式成长。因此，我们常常生出一种逃离原生家庭的冲动。但那样的父母，经常也是在一个缺乏情感交流的家庭长大。腾讯大家作者尼德罗曾谈到，80后90后在指责父母教养方式的同时，也需要意识到，他们以及他们的父母曾经历过一个多么特殊的时代（政治运动频发，集体凌驾于个人）除了塑造他们缺乏自我，竭力趋同的性格之外，也在记忆中留下了许多隐形的创伤。他们继承了上一辈的精神伤痛，也将这种伤痛传递给孩子。这种创伤的传递，是合理的，却不是正确的。我绝对的、坚决的不愿意自己的孩子再去承受这种精神伤痛，因此对于生孩子这种事慎之又慎。回望我们的上一代，反思自己是否能成为合格的父母，不再把我们在这环境之下承受的痛和压抑无形中带给孩子，希望我们的下一代能真正拥有自由而独立的人格，实现他自己所想实现的价值。,74
521,很棒，质量很好，等待和宝贝一起读起来了,99
522,超级有趣的书，不光孩子喜欢看，大人也喜欢看，京东券很给力，一直买买买,85
523,海豚绘本花园的书，本本经典,34
524,很棒的一套书，小朋友很喜欢,85
525,生活离不开京东了，各种活动各种剁手买，快递真是无人能及了而且快递小哥人都超好,70
526,很好的书很划算，以后有活动还会入手的，很开森！,99
527,很好，速度也很快,89
528,一直在京东买东西，物流给力，还便宜很多，继续支持,73
529,好书，专业前沿，正版信赖,56
530,一直在京东购买书籍，非常不错,38
531,很不错的书，送给小朋友，小朋友也非常喜欢，值得推荐。,85
532,哈哈哈哈哈孩子自己选的寒假读物,65
533,书收到了，内容很好，孩子喜欢,72
534,非常好的书，物流很快，给力,27
535,集齐中文版现存全套估计一个礼拜看完6本,4
536,孩子喜欢，小学生必读，价格合适。,72
537,买了好几本，女儿寒假的书解决了，京东快捷又方便，值得信赖。,38
538,买了好几本，女儿寒假的书解决了，京东快捷又方便，值得信赖。,38
539,比哈利波特可能还要好看一点不过稍微更加低龄一些,71
540,还可以哟，很喜欢，很开心，对得起这个价格值得可以评,14
541,还不错,89
542,十分不错，性价比高，下次继续光顾,14
543,包装完好，物流很快，非常满意,63
544,很ok,2
545,很不错……,89
546,此用户未填写评价内容,6
547,！！！！！！！！！！！！！！！！！！！！！！！！！！！,12
548,喜欢，喜欢的书，每本都爱看,4
549,喜欢，喜欢的书，每本都爱看,4
550,很好，一直信赖京东！！！,36
551,很好的书，不错,99
552,质量不错，价格便宜，京东送货很快！,63
553,配图和颜色很美！内容比较深，可能对于一个三岁的孩子来说有点懵懂，但是总会懂得！愿每个孩子都能找到自己的金色！,54
554,京东购物价格实惠物流迅速，服务周到，商品都很好，质量棒棒哒，每一次都能买到称心如意的宝贝，每次都购物无忧，必须全五分好评！,73
555,快递很给力，价格很合适，书的质量很棒，正版，希望多多搞活动哦，服务也不错哦。,27
556,现在买东西基本上都转战京东了，买了大几千的书了，非常棒，都是正版，质量都很好，包装也很给力，几乎都是完好无损的，特别表白京东的快递，快递员态度都很好，速度也特别快，都是第二天就到了，有的还会当日到，以后会继续支持京东,87
557,东西确实都很不错的，已经是长期在这里购物了，省了很多去逛超市的时间，生活上需要的东西基本上在这里都能买到，还有每次的翻牌子活动很诱人，使得我们一次又一次在购买更多的东西，简直停不下来的节奏！哈哈哈哈，很多东西的价格都比实体店便宜一点，现在基本都不去实体超市了，最重要的是快递还能送到家门口，简直堪比顺丰了！不得不给一个大大的赞！以前基本没认真评价过，不知道浪费多少积分了，听说他们评价超过100个字可以送积分，这个福利实在太赞了，太好了。妥妥的每条都来评价一下，赚积分，下次还能抵现金用。已经固定每个月在京东超市和京东生鲜里面来买各种生活用品。产品品质好，又新鲜。自从发现了京东超市后，每个月都在超市买好多东西，有的东西确实对比实体超市是便宜了的，就是质量及价格有时不太稳定，只能看运气,55
558,为什么我喜欢京东购物，因为可以当天买自己喜欢的商品，明天就可以到达客户的家中，为什么我所有的评价都相同，因为在京东买的东西太多太多，商品积累的太多没有评价，最佩服的，还是京东物流，有时晚上11点前动动手指，购买的商品，第二天上午就送到单位或者家里，还可以刷卡付款。自营的商品挺有保证，售后，有问题打专属客服热线。客服很赞，一句话的事儿，直接上门取件退，上门更换新商品，家电有价保，一个月退货，半年换货，实体店儿弱爆了，根本没有竞争力与京东相提并论；比老家的商铺街上的价格省了一大截票子哈，宝宝平时基本不逛街，在家逛京东商城就能买到合意的超值商品，有些明显比超市还划算，而且还一模一样的吃喝生活用品哟，小宝贝们快来选购吧！既省钱，又节省时间！~,55
559,为什么我喜欢京东购物，因为可以当天买自己喜欢的商品，明天就可以到达客户的家中，为什么我所有的评价都相同，因为在京东买的东西太多太多，商品积累的太多没有评价，最佩服的，还是京东物流，有时晚上11点前动动手指，购买的商品，第二天上午就送到单位或者家里，还可以刷卡付款。自营的商品挺有保证，售后，有问题打专属客服热线。客服很赞，一句话的事儿，直接上门取件退，上门更换新商品，家电有价保，一个月退货，半年换货，实体店儿弱爆了，根本没有竞争力与京东相提并论；比老家的商铺街上的价格省了一大截票子哈，宝宝平时基本不逛街，在家逛京东商城就能买到合意的超值商品，有些明显比超市还划算，而且还一模一样的吃喝生活用品哟，小宝贝们快来选购吧！既省钱，又节省时间！,55
560,为什么我喜欢京东购物，因为可以当天买自己喜欢的商品，明天就可以到达客户的家中，为什么我所有的评价都相同，因为在京东买的东西太多太多，商品积累的太多没有评价，最佩服的，还是京东物流，有时晚上11点前动动手指，购买的商品，第二天上午就送到单位或者家里，还可以刷卡付款。自营的商品挺有保证，售后，有问题打专属客服热线。客服很赞，一句话的事儿，直接上门取件退，上门更换新商品，家电有价保，一个月退货，半年换货，实体店儿弱爆了，根本没有竞争力与京东相提并论；比老家的商铺街上的价格省了一大截票子哈，宝宝平时基本不逛街，在家逛京东商城就能买到合意的超值商品，有些明显比超市还划算，而且还一模一样的吃喝生活用品哟，小宝贝们快来选购吧！既省钱，又节省时间！,55
561,为什么我喜欢京东购物，因为可以当天买自己喜欢的商品，明天就可以到达客户的家中，为什么我所有的评价都相同，因为在京东买的东西太多太多，商品积累的太多没有评价，最佩服的，还是京东物流，有时晚上11点前动动手指，购买的商品，第二天上午就送到单位或者家里，还可以刷卡付款。自营的商品挺有保证，售后，有问题打专属客服热线。客服很赞，一句话的事儿，直接上门取件退，上门更换新商品，家电有价保，一个月退货，半年换货，实体店儿弱爆了，根本没有竞争力与京东相提并论；比老家的商铺街上的价格省了一大截票子哈，宝宝平时基本不逛街，在家逛京东商城就能买到合意的超值商品，有些明显比超市还划算，而且还一模一样的吃喝生活用品哟，小宝贝们快来选购吧！既省钱，又节省时间！,55
562,今天刚到的，抢到了京东的神券，一下买了好多，还没来及给孩子读，希望他喜欢。,1
563,不错，一直用京东，一直信赖京东！！！,36
564,东西一般。物流太慢，北京发的货，以为在贵州有仓库！,47
565,纸质不错呢，很喜欢～很可以的。,39
566,书封面有些许灰尘，质量可以，价格实惠，快递速度很满意。,27
567,封面有些许灰尘，质量可以，价格实惠，快递速度很满意。,27
568,收到了，宝贝完好无损，纸张厚实，一定过。一直支持京东，什么都在这里买，基本今天买明天到。狂热支持者！,36
569,汉语：我来打酱油的。英语：I'mgoingtobuysomesoysauce.日语：醤油を买いに来ただけだぜ。韩语：??????.德语：ichgeheSojasossekaufen.法语：jemesuisprendquesaucedesoja.俄语：Япришлазасоевымсоусом.荷兰语：kwamiktoteensojasaus西班牙语：mevinoaunsalsadesoja意大利语：venutasoloacomprarelasalsadisoia.,49
570,非常不错的，七月份印刷的，有上半年的题，希望能考过，加油,11
571,挺不错的，七月份印刷的，有上半年的题，希望能考过,11
572,不错的啊，考点都挺全的，有感觉，买吧！,51
573,还可以，不错哟，哈哈哈哈哈?,17
574,不错的成人书，很涨知识？读了收获很大，京东买书质量有保证，很值得后也买阅读,85
575,此用户未填写评价内容,6
576,很好，在京东给儿子买了还很多书！满意！,38
577,印刷质量好，考点、考题和精讲，便于学习提高，物流速度快，服务态度很好。,30
578,送货快，快递小哥哥服务好，给孩子买的，希望对孩子有帮助。,47
579,很好用，里面的小本子很好用,39
580,不错，以后继续在京东买,0
581,给孩子买了全套资料，这本连包装都没有打开！,80
582,速度快，快递员服务好！东西不错，很满意！,63
583,物流很快。。。。。。,49
584,经常在京东上购物，价格实惠，物流超快，赞一下！,0
585,字迹清晰，纸张质量也不错。,30
586,书很好，快递员很给力，我很满意！,27
587,好书，结束清楚，价格合适！好评,10
588,这本书也可以，学习一下剪力墙,33
589,还是很喜欢的啊。比较详细。买了两本。,64
590,不详细比较模糊,2
591,不错,7
592,一直都喜欢在京东购买东西，生活用品，办公用品，要买什么东西第-想到就是京东!又快又方便!给我们的生活带来太多便利了，打开手机，轻轻动动指头，把想要的东西一搜马上就出来，然后下单支付，在家坐等收货就行!除了下单方便，不管是发货速度和打包质量，还是商品质量，都是无可挑剔，必须32个赞,98
593,我要长高在朋友家看的感觉很好就特意买了一套结果书名主题都很好就是内容真不敢恭维韩国的什么思维逻辑啊真的有点糟糕,65
594,综合基础知识，质量很好，京东做的也很好，赞一个,47
595,宝贝挺好的，物美价廉！值得拥有，接下来就是努力看完……,98
596,非常棒!一打开就非常高兴，内容清楚，设计非常好，彩色，互联网+,99
597,帮别人买的表示很满意,89
598,书不错，很快就到了，快递小哥也很敬业，赞,27
599,京东速度很快，服务很好。质量也很好，还打折。比书店的便宜很多，还送货上门。,27
600,也有不少帮助。…,26
601,很好给女朋友买的内容很全也祝贺她能考上事业单位,16
602,此书要是在书店买就很贵。在京东买就是实惠。还在看。想考事业单位的童鞋们的首先。,76
603,书的质量不错，内容大概翻阅了一下，很精炼，马上就考试了，要抓紧时间开始看啦,11
604,买本书来充实自己。内容很详细。按照步骤来，完全没问题。加油,60
605,感觉书里写的很跳跃，自己做应用的感觉有点跳哦。,22
606,很好，很喜欢，物理很给力！,30
607,挺好的一本书，但是目前cocos已经更新，可以用来学习一些概念性的东西。,44
608,感觉比较精炼，没有废话，可以入手,40
609,专业知识充电准备的，配送很快。,47
610,快递很快包装很好没有损坏正版,32
611,质量不错，就是没包邮,47
612,还没来看呢。。。,59
613,很不错，，。,17
614,非常好，每次都很满意,89
615,NB/T?42091—2016?电化学储能电站用锂离子电池技术规范,90
616,由于文化差异，外国人并不能很好理解中医。,33
617,读者好评插图精致超值特惠畅游必备,10
618,京东618购入的书籍，价格很实惠，一下这买这么多书，都是朋友推荐阅读，看完了再来追评,13
619,书籍本身完好无损，包装精美，物流迅速，卖家态度好，书籍值得一看。,27
620,此用户未填写评价内容,6
621,京东物流一如既往的快速！但是京东的书籍类快递包装还是一如既往的差劲，就只有一个薄薄的塑料袋，所以经常会导致书本封面褶皱，书脊处破损。之前在某宝网买书时还有气泡膜包裹，京东为节省快递成本也不至于以牺牲顾客体验为代价吧？！作为常在京东购物的一份子，还是希望京东的快递包装可以做的更好！and快递小哥的态度很好啊，给个赞！,18
622,听说这个真的很不错，就买了，选了试卷版为了好用好拿，它也是分两册的，一册就是完全仿真模拟试题的样子，一册就是解析，很满意，但是人比较懒还没开始用,11
623,很全面，题目解答有不说，就连贴心的生活建议和利用说明也摆上了～，吼棒棒喔！,78
624,准备考研，希望这些书对考研有帮助。,58
625,很棒，物流很快，书也很好，感觉比某宝还实惠一些，这本书分成三小本，,27
626,书是正版，印刷清晰，卷子和考试的卷子一样，还附带一张答题卡，很规范。解析也很清楚，重点标识分明，看起来很舒服。就是京东快递的包装应该加强一下，什么保护措施都没有，就一本书很容易损坏的。但是还是很满意京东的物流和态度，一如既往的支持。,87
627,"应该有好多人跟我一样犹豫怎么买英语真题材料，我也查了很多相关的舆论，现在拿到手说一下感觉。其实市面上用的最多的也就黄皮书和这款考研真相，别的小众型材料可能也有不错的,但这两本已经可以涵盖不同人群了:黄皮书对于基础好的人很适合，快节奏高效率，但像我这种刚过四级的人来所以选择了偏基础说用黄皮书可能还是有点吃力，的考研真相，高楼起微尘，自己斤数心里有数，我相信巩固好基础绝对没错。所以和我一样基础差点的谦虚点用考研真相吧，不要怕哕嗦麻烦。纸质也不错。",52
628,很精简，很划算的东西。非常满意。,14
629,很多人推荐买的，个人也看了相关内容，不错不错,39
630,很适合前期的复习。很满意,89
631,此用户未填写评价内容,6
632,昨晚才下单，上午就收到书，超赞的物流,27
633,虽然物流慢了点，但是京东的态度还是绝对好的，给个赞,73
634,教师节礼物，非常好，推荐购买。,14
635,这本书真好，完好无损,4
636,教辅书内容丰富，方便学习,62
637,京东物流就是给力，好评,63
638,挺好。,89
639,轻巧便捷的一本词汇书！词汇分类挺好的，看着就很喜欢，记忆起来也感觉轻松快捷了许多。每天的学习任务布置很合理。喜欢。,85
640,包括了2018年的最新真题。内容很新颖全面，每天的学习任务很科学有序，自学起来应对自如，非常不错的书！,19
641,内容讲解细腻，每天任务清晰，学习起来轻松自如。很喜欢这套机工版的周计划，买全了一套！,58
642,封面清新大方，里面内容精湛清晰，周计划详细到每天任务量。非常喜欢这套书！,3
643,内容是最新的，同时这个周计划是很好的，每天学习任务轻松有序，非常喜欢。,22
644,好书，内容多，实用性比较强，纸张也不错！,61
645,包装也是醉了，外包装破损，书上的塑封包也破了！,80
646,书的印刷质量都很棒，让人爱不释手！11??就是购书季，囤好书，慢慢读！,53
647,还不错，打折时候买的……,45
648,不错的，配送速度很快，服务态度很好很好，在京东商城买东西就是爽啊。加油加油加油,36
649,快递小哥服务非常好，满意！,63
650,送货很快，商品很好！喜欢极了！,63
651,京东活动买图书优惠，一下子买了十几本，希望对学习有帮助。京东物流很给力晚上下单，第二天上午就送到家了，赞一个！,87
652,包装很好，书的质量可以，大概翻了几页，图文并茂，讲解也很详尽，期待是自己想要的内容,99
653,还是可以的，深入浅出，比较适合初学者,40
654,这本书对低幼启蒙是很好的，种草了很久，趁着活动下单很划算，送给小宝宝当生日礼物了。人生第一课，从简单的字母、数字认知开始，其实小宝宝学的是像形，久而久之印象加深，是很好的启蒙方法。图文内容简单有趣，能够吸引小宝宝的注意力，又不会觉得太难。,24
655,适合亲子阅读的书，性价比高，活动更给力，京东买书就是划算！送货速度也快！快递态度很好！,38
656,东西很好哦，比超市便宜，一直在京东买，京东送货速度快，服务好，信任京东，还会再次购买的～,73
657,横版的设计很不错，封面好看，孩子喜欢。谱线间距够宽，适合小孩初学，可以就买了一本,72
658,这本货没到，大概拣货的急，多发了同等价位的另外一本，看在发货人员辛苦的份上，就不追究了吧,76
659,因为没有内容介绍，买回来才知道是空白的，只能给孩子以后学音乐时练习写谱用了。,5
660,那个小朋友选音乐用的，线很宽，非常不错，很适合小朋友,75
661,很喜欢京东，每次都买好多东西。书很好，老大老二的书都是京东买的。,22
662,非常好的书呢，适合初学声乐的小盆友学习使用,85
663,这个五线谱本是很晚了，还是很喜欢妈妈爱美，支持京东，相信京东,98
664,家中的多数用品现在已经完全依赖京东了，性价比超高，送货神速，赞,36
665,一本非常满意的书，值得细细读。,77
666,2015年考过一次，工商管理过了线，今天想再报名，拿这本当复习回顾还不错，不过我觉得仅限于复习回顾，如果没看过教材想直接靠这个估计不现实，里面有很多考点解析，但是基础知识不够还是很难去理解的，所以非经济专业人士还是先看教材再来看这书好一些，过的几率大一些，祝大家考试顺利！还有，书里面两色印刷很不错，知识点重点难点都有蓝色标识，比较显眼，这个赞！,44
667,经济学基础知识点真的是包罗万象，晦涩难懂，之前考过一次差了两分，复习过程觉得学习难度较大。这次专门买了这个书来看，书里会先做考情分析，考点概括，之后是考点详解，还有真题解析，觉得很全面，不过这些都是在你熟知教材的基础上进行的，如果想跳过教材直接从这本书里边学习然后想过，我觉得不大可能！所以还是先读教材再来看这个更好些。,15
668,很好，就是18年考试教材，19貌似还没出来。比~便宜太多。支持京东。,51
669,18年的，不过估计也变化不大，经济学已经定型的科学了，教材也变不成啥样。,78
670,不错，不错不错不错不错不错不错,17
671,还不错，纸张质量还好，讲解很细，有划重点。,22
672,终于收到我需要的宝贝了，东西很好，价美物廉，谢谢掌柜的！说实在，这是我~购物来让我最满意的一次购物。无论是掌柜的态度还是对物品，我都非常满意的。掌柜态度很专业热情，有问必答，回复也很快，我问了不少问题，他都不觉得烦，都会认真回答我，这点我向掌柜表示由衷的敬意，这样的好掌柜可不多。再说宝贝，正是我需要的，收到的时候包装完整，打开后让我惊喜的是，宝贝比我想象中的还要好！不得不得竖起大拇指。下次需要的时候我还会再来的，到时候麻烦掌柜给个优惠哦！,18
673,这书到底是不是正版！这不是误人子弟嘛！我这基础不好，都发现?上的错误如此明显，刚看了几页就发现问题！第6页的5、6题翻到第22页的题答案，解释一下到底是怎么产生错误的，输入错误？印刷错误？我还指着这书指导进步呢！气的我手抖！,80
674,17年的。。骗人的，能退么？骗人的！17年的。。骗人的，能退么？骗人的！17年的。。骗人的，能退么？骗人的！17年的。。骗人的，能退么？骗人的！,31
675,满减活动购买，超级合算，京东给力，相信京东，一如既往，满意,36
676,好东西，京东品质，价优服务好，值得点赞啊。,0
677,可以,81
678,挺好的，送货很快，点赞,63
679,精品收藏人文阅读学术权威思想沉淀社会文化资深阅历,56
680,5星评价是给京东小哥的，敬业精神超一流!5星评价是给京东小哥的，敬业精神超一流!,36
681,觉得还是很不错的，挺好的呢。,39
682,自己看的书笑着也要读完，心仪已久，书很好，感谢店家,99
683,这个系列终于出了，一读起就放不下来,4
684,刚开始看，有些费脑子呀，慢慢读吧,95
685,这本书在购物车放了很久，老早就听说很多人推荐，趁着这次图书活动一起买了！说句实话不赖！质量很不错！囤书看书！还是喜欢纸质书！kindle吃灰n久！哈哈！,24
686,读高中孩子买的，青少年励志书，书的纸质很好，内容也很精彩，值得一看。京东自营物流快，送货帅哥服务态度一流。,38
687,还没有看，一次性买了很多本，一个个来。,64
688,懒惰是很奇怪的东西，它使你以为那是安逸，是休息，是福气；但实际上它所给你的是无聊，是倦怠，是消沉；它剥夺你对前途的希望，割断你和别人之间的友情，使你心胸日渐狭窄，对人生也越来越怀疑。——罗兰《忙碌与进取》,34
689,挺好的，物流快，包装好,63
690,京东的书不错的，物美价廉，彩色的挺增加阅读的兴趣，推荐购买。纸张质量也很好。屯了好多慢慢看。下次还来,38
691,此用户未填写评价内容,6
692,书的速度很快的，而且书的质量很好的，发过来的时候没有破损，一直在京东上买东西，商品值得信赖，想要的亲可以下单了???,87
693,书很好，没有破损，快递很快,27
694,应该是正版，习惯性好评。,8
695,非常有用的工具书，作为参考资料，可以备一本，看看各地的报告,19
696,不错的神话学研究，值得入手,40
697,挺不错的，京东买东西很方便，好评,0
698,不错，好吃,89
699,在学油画，临摹用的，色彩清晰，很好,39
700,封面不错，里面的印刷暗淡了一些。,8
701,全五星好评！！以下言论不针对本店！京东自营确实没有什么好说的，很好，你是上帝，在那死宝你不是，卖家也不是，上帝是小二。本来上帝是小二也很好，但前提必须是公平公正的。问题是你经常会遇到受贿的上帝和弱智的上帝。京东外驻店让京东来当上帝，有时也会有这样的，虽然态度好点，但是更磨蹭。遇到必有一方是马扁子的情况，我推荐的处理方法：商家在咕咚里和卖家说一句：他们保证发的货是没问题的，马扁子不得好死。（运输途中的问题都不算他的）买家也在咕咚里和他说一句：他们发的货有问题，马扁子不得好死。这样我什么补偿都不要了，这样无论马扁子是谁，马扁子也高兴，马扁成功了，受害者也高兴，心里有个安慰、京东也高兴，圆满处理。,55
702,618活动还是可以的，书都也还好，就是活动火爆送货晚了一天，总体还满意吧！发票忘记写抬头了又不知道下单后怎么修改！,87
703,王臣不算是大众的，但是一直都很喜欢他，基本也算是本本必买了。买他的书已经成为一种习惯。,4
704,快递小哥服务很好！字迹清晰，纸张较好！,30
705,京东活动叠加优惠券收入，价格非常优惠，感谢京东。越来越多东西在京东购买了，赶上活动叠加优惠券价格实惠，物流快，服务态度好，售后好，比其他电商好很多。一开始只是买书，现在家用电器也大部分在这里买了。京东的物流越来越给力了，基本隔日达，包装也很满意，感谢京东！,87
706,送货很快，包装的也不错，一如既往的好评，有需要还会再来的。,63
707,书不错，可以当故事书看,23
708,是我要的书。一单订19本书，多了点，有点担心错漏，收到后核实，没错。只是有些书没有塑封，容易脏，出版社如能先塑封就完美了。信任京东。,38
709,书质量不错，整体不错！,99
710,好小一本。。。。一直对于名人的传记很感兴趣，而且这里面提及的人我都很喜欢，主要是字，图不算太多,76
711,完美非常好厂长的书真的很棒推荐大家购买阅读??????,10
712,苏小红老师的书，很有用(?▽?)！,77
713,很不错的东西，京东体验还是一如既往好。感谢快递小哥！,73
714,这套文物中国史丛书非常不错，相当于坐地观看了好多个历史博物馆，图文并茂，内容详实，脉络清晰，阅读起来轻松易懂，有滋有味。,44
715,書就不多介紹了，師顧堂主人文盲主持搞的大部頭影印，也是他們第一部放在廣西師範社出的影印，嚴格來講已經不算眾籌了，因為預定價只能由出版社說了算（當然這不是衡量眾籌與否的標準），預定750，好像，記不太清了，但是少了因眾籌不夠出版不了的風險，我雖不喜歡但理解，當時我忍住了沒預定。期間出版社也堅稱電商這也不會買比預定價更便宜的，還一度標出不能使用東券，價格也一直堅挺，沒參加此前的多次促銷，孔網上價格也是一千起步。結果……這次雙11的促銷力度實在是大啊！不好意思，有點語無倫次了。可能，多花兩百多能買到六個匣套，並且早拿到半年多，有些人也是能接受的。……說了這麼多，其實我想表達的是，我還是希望師顧堂重回以前的眾籌模式！,52
716,书的质量好、印刷清晰、物流快、商家服务态度好，五星100%好评，我是老顾客了，谢谢商家！,30
717,"商品质量很好，很满意，配送速度快啊，而且配送员态度也非常好。"",""挺好的，非常实用。京东的物流很快哟~希望以后会更快,""多快好省，京东给力，下次还是要选择京东商城，没错，非常满意"",""非常好，一起买的，价格便宜，快递又快，京东商城还是非常的专业和贴心，可以显示快递的位置，随时掌握快递进度，很先进！"",""活动期间买的很实惠，京东自营，值得信赖。"",""便宜好用，值得推荐买买买，同事都说好用。下次继续买买买，哈哈哈…"",""京东物流就是一个字快，昨晚10点多，11点前下的单今天早上就收到，包装得很好。"",""京东购物使我们的生活更便捷了！京东商品丰富，无所不有，自营商品更是价格优惠，童叟无欺。",9
718,甲骨的书，早在3000多年前的殷代后期，当时纸尚未发明，人们就地取材，以龟甲和兽骨为材料，把内容刻在龟甲或兽骨上，这就是甲骨的书。石头的书在古代，石头也用来作书写材料，甚至将整篇作品或整部著作刻于石上。简牍的书简牍是对我国古代遗存下来的写有文字的竹简与木牍的概称。缣帛的书，缣帛是丝织物，轻软平滑，易于着墨，幅的长短宽窄可以根据文字的多少来剪裁，而且可随意折叠或卷起，携带方便，可以弥补简牍。古代写本书在纸发明初期，纸书并未完全取代简牍与缣帛图书，而是三者并用。此外，还有宋至清代的印本图书到现代的电子书。,52
719,书店看上了这本非常好的书，一直想买可惜但是太贵又不打折，回家决定上京东看看，果然是有折扣。毫不犹豫的买下了了，京东速度非常快的，从配货到送货也很具体，快递也非常好，很快收到书了。书的包装真的非常好，没有拆开过，非常新，可以说无论自己阅读家人阅读，收藏还是送人都非常有面子的说，特别精美；各种十分美好虽然看着书本看着相对简单，但也不遑多让，塑封也都很完整封面和封底的设计、绘图都十分好画，让我觉得十分细腻而且具有收藏价值。书的封套非常精致推荐大家购买。打开书本，书装帧精美，纸张很干净，文字排版看起来也非常舒服非常的惊喜，让人看得欲罢不能，每每捧起这本书的时候似乎能够感觉到作者毫无保留的把作品呈现在我面前。,24
720,品相很好快递很好满减购入比较划算,32
721,这套书本完全超出了我的预期，它的绘画非常的精美一看就是大师之作不是简笔画哦！像油画般细腻，色彩搭配的非常柔和。比那些粗制滥造的儿童图书好太多太多。嗯，纸质不错没有什么异味，女儿很喜欢，然后呢十三岁的儿子也对这套书爱不释手。这套书对孩子提高绘画兴趣也有很大帮助呢！有图为证。另外，他的内容非常的丰富一共有70本小册子分别介绍了动物和食物知识点非常简要易懂。既是美学启蒙书又是一本知识百科全书。喜欢的亲不要犹豫啦！我也是对比了多家才选了这家真的没有选错。,24
722,本书第一版曾获得郭沫若史学奖和首届政府图书奖，时隔6年做增订版。全书六万余词条，是已通行半个多世纪的《古今地名大辞典》的两倍以上，字数也为其三倍以上。由*******历史研究所史地研究室主持编纂，著名史地学泰斗谭其骧先生任顾问，全国有关单位大力协作，历时二十余年，八易其稿而成。本书注意吸收最新研究成果，反映*新水平，纠正了以往同类工具书中的许多错讹，无论规模和质量，都达到当代之最。就是价格过于昂贵。,25
723,此用户未填写评价内容,6
724,书还没看，包装挺好，一次性买了好多本，准备慢慢带回家给孩子看。,1
725,搞活动时候买的，质量如何有待时间验证，但是包装水平有必要改善。,70
726,商品满意,82
727,一直在这里买买买，特别特别好，推荐大家继续买，活动合适，物美价廉,36
728,非常喜欢，很好。愉快的购物体验。感谢！,14
729,比书店便宜。,45
730,孩子喜欢看的,21
731,怎么没有开发票？,80
732,非常满意,89
733,学习看看，挂图还可以希望有帮助,26
734,不错不错，学校让买的，就顺便买了一堆，希望对孩子有所帮助，质量也都挺好的，没有什么味道！,47
735,我是我们村第一个网购人，这里大部分人都是不网购的，他们买东西价格一般不会超过两块，听说我在京东买东西整个村子都震惊了，村长跑到我家对我爸说你是不是疯了？媳妇跟我闹离婚这日子没法过啦，面对重重压力下我依然坚持要买，我相信这个月的工资不会白花，终于快递到了，我怀着激动的心情颤抖着双手打开包裹，啊！！！我惊呆了，这颜色，这手感，这质量，只恨我读书少无法用华丽的词语来形容它，我举着它骄傲的站在村口，整个村都沸腾啦，更有人喊如果不给他们看，他们就要跳井，吓的我赶紧收起宝贝立刻前往海拔100米的村长家使用，用完后在全村人羡慕的眼光中昂首挺胸扬长而去，村长老婆送我出去还多看了我几眼,93
736,不错，孩子非常喜欢，可读性好,23
737,老师介绍书籍，注音版，小孩一年级易读，碰上618活动购买一大批书，价格实惠，送货及时，一如既往支持点赞京东,87
738,不同的出版社相同的内容买了两本都是小故事不错所以不退了打算送给朋友的孩子,65
739,一直在京东上买东西，东西不错，挺好的，质量也挺好，用的时候很方便，很快！京东，值得信赖！,36
740,真正的正版图书，孩子很喜欢看，书中的好词好句都有明确备注，很容易记住。,72
741,宝贝相当不错哦，非常满意给满分！告诉大家的。。。。质量非常好，与卖家描述的完全一致，非常满意卖家的服务太棒了，考虑非常周到，完全超出期望值卖家发货速度非常快，包装非常仔细、严实物流公司服务态度很好，运送速度很快,73
742,买回来小孩子一直就在看，他很喜欢，注音版适合一年级的看看,5
743,618买的，包装严实，是正版的，经济实惠。明年继续抢神券买买买……,98
744,京东发货很快！非常满意！,63
745,物流很快…性价比很高…,35
746,送货快，非常方便下次再买,14
747,刚刚给vvvvvvvvv,59
748,孩子很喜欢，就买了质量很好，是正版值得购买,32
749,孩子很喜欢,75
750,孩子很喜欢,75
751,满意,82
752,物美价廉，送货上门，好评。,45
753,很好，质量好，速度快。满意。,63
754,幸好买得快，断货了，等金爱烂得诺贝尔奖我就发了。不可能，那会儿这本书都怕不见了。,4
755,京东就是快很喜欢书,39
756,京东物流速度很快，书的质量上乘，价格实在是优惠。京东靠谱。,38
757,还没看aaaaaaaaa,59
758,很赞哟，多多关注哟.,17
759,挺好的,89
760,很好,2
761,不好看，内容太差,21
762,京东1111搞活动正好刚需买买买非常划算了一直在京东买书搞活动的时候非常值。。,13
763,京东1111搞活动正好刚需买买买非常划算了一直在京东买书搞活动的时候非常值。。,13
764,京东1111搞活动正好刚需买买买非常划算了一直在京东买书搞活动的时候非常值。。,13
765,东西收到了，物流很快，赞一个。包装很到位，非常满意。书很好，包装很精美，唯一没中不足的就是太薄了，下次买书我会好好看一看的，这次购物非常满意，很高兴，下次买东西还会上京东的,87
766,看了一些日子了，这本书的内容还是比较全面的，从python到金融知识都有涉及，适合入门的人看吧。挺厚一本，希望看完有所收获，给个好评！,44
767,塑封拆开封面很多划痕，这是为什么呢？大致浏览了一下，内容不错，覆盖全面，好好学会有收获。,11
768,品质不错，价格实惠，包装完好无损，京东物流速度超快，购物体验舒畅。,0
769,上个月刚出的新版图书，印刷质量很好。500多页厚厚一本，Python基础知识统计学知识占一半。略微不足,76
770,确实是精解，从历史的角度解读淮南子，说出了普通人不能注意的地方，作者有自己的观点和看法。比如刘安怎么死的，比如刘安怎么成仙的，还有神话故事那一段，很深入。这本书不同于一般的注译，与众不同，雅俗共赏。,44
771,中午定的傍晚就到，而且京东快递员服务很好又细心,47
772,质量很好内容经典，非常满意。,27
773,孩子学校要求看的。书的质量不错，字迹清楚，是正版,72
774,是一本好书，读后感触颇深。,77
775,这一套书其实还不错的，就是没有拼音，一年期，看的话就学不了拼音，但是这个是课外阅读，我们这里建议买这套书的，好几套，我都是按照参考目录买的，我们这里是广东西部沿海的茂名。欢迎大家来做客！,54
776,彩色，有拼音，适合一年级的小朋友阅读，到手后，小朋友可开心了，这几天都读完了。,72
777,一边听音频一边看，孩子很喜欢，法国人的漫画也很浪,75
778,购物这么多年，最恶心的一次，请大家擦亮眼睛，你们出这种书，简直是对原作者的极大侮辱，盗版也就罢了，结果还再里面乱改，无良商家,80
779,趁打折屯了不少，十四只老鼠画风很美，故事简单但是很温馨，宝宝很热衷于去封面找老鼠认老鼠，科学绘本字很多，很全，三岁宝宝看略早，宝宝现在只喜欢看医生系列,65
780,全新的很好,2
781,印刷很好，质量不错，很喜欢,30
782,满减活动买的，折上折，优惠力度蛮大的，比实体书店便宜多了。,13
783,不错，书的质量很好，推荐给大家,99
784,书的质量不错，内容也还行，慢慢学习吧，希望能用得着，也继续支持，北京大学出版社,40
785,专业书籍，特别好用，值得购买,61
786,挺好的，一次不错的购物体验，希望京东能在物流、发票等方面做得更好。,73
787,不错内容充实质量好就是好贵啊要是有电子书就好了,99
788,书的内容很使用，印刷质量也挺好，不错。,99
789,拼单买的，还可以吧！物美价廉！,45
790,宝贝收到，京东自营图书，一如继往的信任支持。赞！,38
791,很好的书，搞活动购入，经济实惠，可惜不是一版一印。,99
792,可以，活动价买的确实便宜，很实惠。。。,45
793,几年前出过大精，这次上美又出平装阅读本，觉得这套书出平装最好。经济实惠又不贵。,76
794,好，名家绘制，故事性强，值得拥有。,62
795,很好的开本，快递给力,21
796,非常精美。非常满意！好书！新书。相当优秀。价格便宜。没过度包装,99
797,没买大小精的，这次阅读本绝对是个不错的选择！,76
798,很好，凑单用的。上美正版，画的太一般。,8
799,还可以，送货及时！！！！！！，，，，，，。。。。。。！！！！！！？？？？？？。。。。。。，，，，，，,49
800,老师推荐购买的，对孩子学习应该有帮助，但书套有小破损，不影响使用，就不申请售后。,8
801,京东送货速度天下第一，自从用了京东就没停止过剁手，支持京东啊，书还是不错的，正版，抓紧看书吧,10
802,京东送货速度天下第一，自从用了京东就没停止过剁手，支持京东啊，书还是不错的，正版，抓紧看书吧,10
803,学校老师推荐买的。很好的一套书。一面英文，一面中文。方便阅读。学校老师推荐买的。很好的一套书。一面英文，一面中文。方便阅读。学校老师推荐买的。很好的一套书。一面英文，一面中文。方便阅读。,11
804,孩子很喜欢，一本一个小故事，看故事的同时还能学习知识很赞,23
805,孩子很喜欢，一本一个小故事，看故事的同时还能学习知识很赞,23
806,孩子很喜欢，一本一个小故事，看故事的同时还能学习知识很赞,23
807,孩子很喜欢，一本一个小故事，看故事的同时还能学习知识很赞,23
808,孩子很喜欢，一本一个小故事，看故事的同时还能学习知识很赞,23
809,孩子很喜欢，一本一个小故事，看故事的同时还能学习知识很赞,23
810,书本质量很好，孩子很喜欢。孩子用着舒心，妈妈买着放心。,72
811,这期内容很丰富，与教室专业成长有关,62
812,发货很快，印刷也好，方老师的著作，正在学习中,30
813,一本悬念重重，令人倍感意外的书，故事紧贴时代想象。几乎一口气读完了，消遣的好书，值得推荐。,77
814,还没拆封，质感不错的书！,99
815,好书收藏一下！,56
816,素有“小丁飞刀”之誉的丁学松是清淞医院神经外科的中流砥柱，拥有极为敏锐的洞察力与超一流的技术。然而，女友托付给他的一个病人却改变了丁学松的命运——那本是极为简单的一台手术，不想丁学松在动刀之时竟意外昏迷，等到他醒过神来时，丁学松发现自己已将病人的部分脑组织切除，导致对方直接死亡。,97
817,物流快第二天到了，这本还可以吧，一直喜欢悬疑推理类的书,27
818,在朋友那儿读了几十页，情节挺吸引，果断买了一本。记忆会改变一个人性格，想到了电影《蝴蝶效应》。有时候人的痛苦来自于记性太好，所以电影《金鸡》里有吃药删去记忆的情节。,57
819,很棒，很喜欢，没有破损,32
820,喜欢亢霖老师的书,21
821,帮领导下的单，领导说要看这本书。,78
822,霖，“70后”，生于兰州，现居北京。媒体从业者，某中央媒体主任编辑。爱好写作，文风平实自然，情节跌宕起伏，善用温和的笔触剖析人性深处的善与恶，用质朴的文字承载天马行空的想象,84
823,这次买了超级多的书，信任京东，又快又好，关键活动还给力，还会再来买,38
824,挺好的非常棒！！挺好的非常棒！！挺好的非常棒！！挺好的非常棒！！挺好的非常棒！！挺好的非常棒！！挺好的非常棒！！挺好的非常棒！！挺好的非常棒！！挺好的非常棒！！挺好的非常棒！！挺好的非常棒！！,12
825,此用户未填写评价内容,6
826,书很好，质量非常好，坚持学习使用,99
827,孩子很喜欢，没想象的厚,75
828,到的真是快啊，够看到下一个双十一了，哈哈。,70
829,不错的一本书，但好像搞不见了,77
830,书不错，比我想象的薄。而且新书没有封，不过书没问题！,8
831,图文并茂，有参考价值！,62
832,您没有填写内容，默认好评,46
833,风樯动龟蛇静起宏图一桥飞架南北天堑变通途更立西江石壁截断巫山云雨高峡出平湖神女应无恙当惊世界殊,34
834,很好的一本书印刷精美纸张很好一直很信任京东送货很快服务很好会一直支持下去,38
835,很好的一本书印刷精美纸张很好一直很信任京东送货很快服务很好会一直支持下去,38
836,很好的一本书印刷精美纸张很好一直很信任京东送货很快服务很好会一直支持下去,38
837,此用户未填写评价内容,6
838,此用户未填写评价内容,6
839,这本书，比较系统地介绍了，统计计算的有关内容，值得推荐,44
840,收到货了，速度很快，质量很好，赞一个！,63
841,很不错的书，这类书比较少。,22
842,理论性强，但是作为资料保存起来也很不错,62
843,不错，经典书目。值得买。,61
844,书挺不错的，配合R语言讲,22
845,这一系列的书都很不错，推荐一下。,77
846,哈哈哈哈哈,28
847,女儿很喜欢这个系列，已经收齐了！京东就是好！,36
848,这次购买了很多书，满100-50的活动的确很给力，够我看一阵了。一起要了10本书，才花了60左右，非常满意，书本的质量非常好，都是正版。发货快，晚上拍的，早上就收到了。快递员服务很好，辛苦了。信赖京东！,87
849,在京东买的东西就是放心，速度快，质量又有保证，祝愿京东越来越好。,36
850,是一本好书，首先印刷质量不错，内容，个人感觉比较适合我这个外表善良实则懦弱的家伙~,76
851,这本书的第一句话就说到了我的心里，你以为的善良其实只是懦弱,4
852,买了几本书啊，都挺不错，其中一本要送给女朋友的?，书还没看，不知道怎么样。,64
853,"非常感谢京东商城给予的优质的服务，从仓储管理、物流配送等各方面都是做的非常好的。送货及时，配送员也非常的热情，有时候不方便收件的时候，也安排时间另行配送。同时京东商城在售后管理上也非常好的，以解客户忧患，排除万难。给予我们非常好的购物体验。ThankyouverymuchfortheexcellentserviceprovidedbyJingdongmall,anditisverygoodtodoinwarehousemanagement,logistics,distributionandsoon.Deliveryinatimelymanner,distributionstaffisalsoveryenthusiastic,andsometimesinconvenienttoreceivethetime,butalsoarrangedfortimetobedelivered.AtthesametimeinthemallmanagementJingdongcustomerserviceisalsoverygood,tosolvecustomersuffering,overcomealldifficulties.Giveusaverygoodshoppingexperience.！",90
854,挺好的还没看等有时间再看应该不错,21
855,最近有点浮躁，都没有怎么看。但是这个价买的值，书很好，字也清楚,99
856,你的善良必须漏出些锋芒，必读！,88
857,东西非常好，我很喜欢！都是我喜欢的书，价格便宜。,99
858,华盛顿，他的名字是美国的首都，他的头像出现在总统山和美钞上，我们知道他是美国的缔造者、第yi任总统，但是在这被神化的赫赫声名之下，华盛顿究竟是怎样一个人？从奔走于北美荒原上的年轻军官，到独立战争枪林弹雨中的司令，再到共和国首位总统，他是怎样历尽曲折一路走来？本书要讲的故事，就是一个真实而平凡的人，如何成为一个创造历史的伟人。,15
859,1、完工确认收入：按已产生成本占总成本比例；2、绑定销售时，即使名义免费的产品也要分配价值记入收入；3、并购时多支付价款，但同时让被收购方高价买收购主体的产品，以做大收入；4、旅行社之类的公司能否将所有收入纳进来取决于风险是否转移至确认收入的主体；5、低价出售业务，同时让买方给予其他好处；6、利用重组等一次性活动将经营性费用计入重组费用（非经营性费用），从而做大经营性所得；7、51%控股其他公司，收入和经营利润并表（49%的经营利润在非经营性一栏中扣除），做大经营性所得；8、按照会计准则，控股比例大于等于20%，其利润或亏损按比例计入利润表的非经营性收入（权益会计法），若违规操作可做大经营性做得；9、做假式（或采取其他隐蔽手段，例如，委托表决权）认定母公司对子公司不存在施加重大影响力的能力（即使股比大于等于20%），可将子公司亏损转入资产负债表，不计入母公司利润表，从而做大母公司利润；10、上市公司控股的子公司持有上市公司股票，股价上涨，上市公司在子公司的权益增加，从而做大上市公司收益；11、将成本不当资本化（费用计入资产负债表）是常用的做大利润的手段，同时也能放大经营现金流（资本化的,74
860,不愧是中信出版，必是精品，了解下美国的开国元勋,34
861,客观真实有高度！外国人写传记，不会只写好的，这方面值得中国人学习。对比其他版本，这个最值得看，反复看！,76
862,书很不错，活动价很给力，快递也很好，赞。,27
863,不错的书，好好读读！印刷很好！,99
864,新书可以好好看看吧！,4
865,了解美国历史的好书，值得读读，京东送货速度一如既往地快,38
866,挺不错的，就是对于华盛顿的战役描述不够多,57
867,甲骨文美国开国系列作者新书，中信今年还会出两本，值得收藏,34
868,性价比高，内容质量均佳。赞！赞！赞！,17
869,性价比高，内容质量均佳。赞！赞！赞！,17
870,买过很多次了正版质量非常好,32
871,好书，内容详尽，实用，一直在买。,61
872,买过很多次了正版质量非常好,32
873,題十分典型，与物理书上教材相同，,26
874,内容丰富，许多课堂上没有，没细讲的都有。还有一本小书归纳了平时所学的的知识，很方便、很实用！包装很好，服务员对自己工作很负责、很认真。送货速度也快，很满意。,30
875,很不错，实用性强，京东购物已成为一种习惯，愉快的购物。,0
876,用券后很实惠！买了很多，统一好评！,45
877,为下学期提前做准备，内容实用,40
878,不错啊，孩子一直在用,39
879,书不错，但有折损，希望下次再购买会不再这样,27
880,不错。挺好。不错。挺好。不错。挺好不错。挺好。不错。挺好。不错。挺好不错。挺好。不错。挺好。不错。挺好不错。挺好。不错。挺好。不不错。挺好。不错。挺好。不错。挺好错。挺好,31
881,不错。挺好。不错。挺好。不错。挺好不错。挺好。不错。挺好。不错。挺好不错。挺好。不错。挺好。不错。挺好不错。挺好。不错。挺好。不不错。挺好。不错。挺好。不错。挺好错。挺好,31
882,不错。挺好。不错。挺好。不错。挺好不错。挺好。不错。挺好。不错。挺好不错。挺好。不错。挺好。不错。挺好不错。挺好。不错。挺好。不不错。挺好。不错。挺好。不错。挺好错。挺好,31
883,不错。挺好。不错。挺好。不错。挺好不错。挺好。不错。挺好。不错。挺好不错。挺好。不错。挺好。不错。挺好不错。挺好。不错。挺好。不不错。挺好。不错。挺好。不错。挺好错。挺好,31
884,很赞很赞很赞,17
885,装帧精美，发货迅速，一如既往地好！,30
886,东西很好会考虑回购。,14
887,质量不错，购物便捷,47
888,不错。。。。。,49
889,早上十点到下午四点，这就是京东速度～,70
890,快递给力书也是全新的,30
891,很好的专业用书，没毛病，好评,99
892,很好的一本工具书！,77
893,好书,81
894,孩子喜欢，质量不错！一直光顾，喜欢喜欢喜欢,14
895,儿子喜欢你的书，漫画版本的,4
896,胶版纸印刷，内容生动有趣，可读性强。大16开，比秘密武器系列大一圈。,91
897,这几本书刚到家，刚上一年级的儿子就一口气看了两本，这是孩子自己提出来要买的书，所以是爱不释手啊！在京东又便宜又是正版！发货快！当天拍，第二天就到了！,24
898,京东购物真好，方便，便宜，快捷！,36
899,图书活动购入，划算，孩子喜欢的漫画书。,58
900,正版没味道，小孩非常喜欢看大赞很,21
901,挺好，京东商城服务没的说，会继续支持的,73
902,书很好！让孩子提高阅读！一边看漫画！一边学习！棒棒哒……,54
903,胶版纸印刷，内容生动有趣，可读性强。大16开，比秘密武器系列大一圈。,91
904,专业书籍，看到名字不错，粗略翻阅了一下，希望细看后对得起这个名字,64
905,北京电影学院很好的毕业作品，里面很多剧本和阐述，可以很好的来研究短片,40
906,一直在京东买东西，也很相信京东，但是现在这书啊越来越贵，在线客服越来越牛，真是店大欺客啊，并且这书象gupiao似的，一天三跳。相信京东会越来越牛气的，越来越杀熟我们这开了plus会员的贪图方便不找事的客户的。,53
907,好书啊，学点知识！,78
908,挺好，没什么问题～～～～～～,17
909,不错，值得购买，一直在京东商城购物，主要是售前售中售后服务好！,0
910,已收到，效果不错，很给力，赞,63
911,很棒哦。！！！！！,12
912,还挺不错的值得一读,21
913,很好很好可以值的研究的,2
914,您没有填写内容，默认好评,46
915,书本很棒，书本很棒，适合九年级学子使用，符合考试内容，知识的重难点也标得很清楚，仔细。建议学生党购买哦，真的对我们学习有很大的帮助。中考加油哦,54
916,"很喜欢在东东上网购真的不错的比其他网店实在服务好好喜欢还会介绍朋友来非常感谢京东商城给予的优质的服务，从仓储管理、物流配送等各方面都是做的非常好的。送货及时，配送员也非常的热情，有时候不方便收件的时候，也安排时间另行配送。同时京东商城在售后管理上也非常好的，以解客户忧患，排除万难。给予我们非常好的购物体验。ThankyouverymuchfortheexcellentserviceprovidedbyJingdongmall,anditisverygoodtodoinwarehousemanagement,logistics,distributionandsoon.Deliveryinatimelymanner,distributionstaffisalsoveryenthusiastic,andsometimesinconvenienttoreceivethetime,butalsoarrangedfortimetobedelivered.AtthesametimeinthemallmanagementJingdongcustomerserviceisalsoverygood,tosolvecustomersuffering,overcomealldifficulties.Giveusaverygoodshoppingexperience.",69
917,不错，书刚刚来到就开始做了，题都非常好，大爱。,22
918,很满意，是正版，还有答案解析。正是孩子需要的,72
919,不知道好不好，帮弟弟买的,39
920,还可以来着qwq,59
921,图书印刷质量很好，物流很快，快递包装没有损坏。京东“每满100减40”买的，一次买了200多元，一共节省了80元，相比书店的折扣还要便宜一些。图书对孩子的学习有帮助，孩子很喜欢。下次再来京东多买点。京东值得信赖！,87
922,知识内容丰富实惠不贵的很适合初三的同学们,19
923,书还不错，但是，不知道为什么，印刷时间是2017年3月，却是2018版的，书里也没有2017的中考题。,76
924,此用户未填写评价内容,6
925,不错不错不错不错不错不错,17
926,您没有填写内容，默认好评,46
927,不错,7
928,好书，买的及时，专业正版，好好学习,10
929,从法文翻译的植物科普著作不多，这个读本很不错，内容丰富，值得一读。图书为精装本，封面设计挺特别。只嫌纸张为采色纸，味道较大。本次快递包装是最简单的一次了，只是一个袋子。不过，快递链各位小哥很有爱心，图书竟然没有一点受损，赞。,24
930,就考虑兔兔用例如吐的Emmywww好说切让送说上,26
931,铜版纸加上丰富的彩图、还有好玩的翻折页让书变很有趣。只是纸稍为反光和偶有在深色背景上的黑子有时不太易读。不是所有人都住近海边，田野观察应该是比较容易做到（不太严格的定义上就算是市区公院的花圃小池溏也是，虽然物种丰富度要少上很多，也不可能有鳟鱼和老鼠外的哺乳动物），小昆虫和一些鸟类应该不难找到。,57
932,值得信赖的京东，值得称赞的京东物品，是的赞扬的京东小哥！,36
933,买书给自己充充电，不错！,64
934,分类比较全，字体大小印刷都还行,22
935,确实不错确实不错确实不错,17
936,很好看的书,21
937,很喜欢，质地柔软，就喜欢这种纸质书，二建过了，一建抓紧时间备考,11
938,很喜欢，质地柔软，就喜欢这种纸质书，二建过了，一建抓紧时间备考,11
939,很喜欢，质地柔软，就喜欢这种纸质书，二建过了，一建抓紧时间备考,11
940,经常网购，总有大量的包裹收，感觉写评语花掉了我大量的时间和精力！所以在一段时间里，我总是不去评价或者随便写写！但是，我又总是觉得好像有点对不住那些辛苦工作的卖家客服、仓管、老板。于是我写下了一小段话，给我觉得能拿到我五星好评的卖家的宝贝评价里面以示感谢和尊敬！首先，宝贝是性价比很高的，我每次都会先试用再评价的，虽然宝贝不一定是最好的，但在同等的价位里面绝对是表现最棒的。京东的配送绝对是一流的，送货速度快，配送员服务态度好，每样东西都是送货上门。希望京东能再接再厉，做得更大更强，提供更多更好的东西给大家。为京东的商品和服务点赞,55
941,超值，啥都不说了。,45
942,常网购，总有大量的包裹收，感觉写评语花掉了我大量的时间和精力!所以在一段时间里，我总是我又总是觉得好像不去评价或者随便写写!但是，有点对不住那些辛苦工作的卖家客服、仓管、老板。于是我写下了一小段话，给我觉得能拿到我五星好评的卖家的宝贝评价里面以示感谢和尊敬!首先，宝贝是性价比很高的，我每次都会先试用再评价的，虽然宝贝不一定是最好的，但在同等的价位里面绝对是表现最棒的。京东的配送绝对是一流的，送货速度快，配送员服务态度好，每样东西都是送货上门。希望京东能再接再厉，做得更大更强，提供更多更好的东西给大家。为京东的商品和服务点赞。,55
943,书的质量很好，内容整理了近年的真题，排版很不错，虽然有答案，但是缺少分析，对于非专业人士来说有点困难,19
944,入了这行必须学点相关法规和知识，这书是同事们推荐的，慢慢学起了,78
945,努力吧，少年，给自己加油！第二次购买了！,51
946,终于收到我需要的宝贝了，东西很好，价美物廉，谢谢掌柜的！说实在，这是我自从购物来让我最满意的一次购物。无论是掌柜的态度还是对物品，我都非常满意的。掌柜态度很专业热情，有问必答，回复也很快，我问了不少问题，他都不觉得烦，都会认真回答我，这点我向掌柜表示由衷的敬意，这样的好掌柜可不多。再说宝贝，正是我需要的，收到的时候包装完整，打开后让我惊喜的是，宝贝比我想象中的还要好！不得不得竖起大拇指。下次需要的时候我还会再来的，到时候麻烦掌柜给个优惠哦！,18
947,学车考证·通关宝典：新驾考全套资料速查手册（第3版），这个书是很多驾校的指定培训教材，内容非常的丰富，而且比较完备，都是考点和要点所在，里面的图片和标识都是彩色印刷，所以看起来也比较舒服，而且排版也很不错。这一版的书是偏黄色的纸张，看起来比上一版的会更舒服一些，不知道是不是更薄了一些，有几页很明显看到背面的图片，有点点影响观感。内容虽很好，但是发给我的这本书本身质量有点问题。最近京东发的书都有塑封，但这本书没有，所以这本非常显旧，封面折痕明显，书脊的胶可能也装的不是很好，导致书的翻看很不顺畅，不用力压的话，靠近书脊的文字无法全部显示，所以不得不退换。,52
948,职称考试了参考书，内容丰富，考点，大纲充实，考试必备，希望能过,11
949,书收到了，感觉内容丰富，希望一次过关，非常好，比书店便宜,27
950,包装太差劲啥都不想说了，就一个袋子，新书都成旧的啦,8
951,希望我护师考试一次通过,41
952,还好还好，希望助我一臂之力。,41
953,书包装完整，字迹清楚,34
954,看视频吧。。。。。,59
955,京东配送就是快！质量好，内容佳，就是不清楚眼科学是人机对话还是笔试？,51
956,质量好，内容权威，备考必备。就是不知道眼科学是笔试还是人机对话啊？,19
957,快递包装材料没弄好，书皮表面黄黄的，书也有小破损，书纸张还可以，不知道是不是正版就是,8
958,给媳妇买的，媳妇说不错，应该是正版的。没什么问题！,32
959,很好，希望有所帮助,17
960,好的，字很清淅。,17
961,这本书有点薄，但是用来上课的，这个课程挂了好多人,78
962,对于京东商城提供的产品和京东商城提供的服务表示非常的满意,0
963,了解世界时事动态，拓宽世界视野，值得一睇，送货很快，京东值得信赖,0
964,配送用了四天，书有点褶皱，其他还好,8
965,好红红火火恍恍惚惚呵呵哈哈哈哈哈哈哈哈哈哈哈,28
966,非常好！非常好！非常好！非常好！,35
967,内容丰富，见闻时时，拓宽视野,34
968,很不错，真的很不错啊,17
969,好，就一个字,37
970,好,81
971,还可以。。。。。。。。。。，,49
972,通读《大摩擦时代来临?》，有理、有据、有节，分析透彻，主旨尽可能地“化戈为犁”，“中国经济体与美国主导的世界经济体系形成了一个巨大的共享、共荣、共存的局面”。倒逼中国进一步**开放，以适应世界新变局，承前启后，继往开来。[强]????,90
973,好好好好好好好好好好好好好好好好好好好好好好好好好好好好好好好好好好好,20
974,正版！是看过才来评价的！祝我这次一定考过！,51
975,包装太差了，纯书，其他的都还好，就是没包装。,8
976,东东已经收到了，跟实体店一样的，可是却便宜好多，好棒，好评,73
977,准备5月份考试，努力一次通过，加油！,60
978,此用户未填写评价内容,6
979,初级会计实务看起来超好，要考证开心开心，祝自己好运。,41
980,先给快递小哥点个赞，宝贝还是一如既往的好,47
981,第一次在京东买书，收到很失望经济法书本不新，页面都卷起来了！包装也很简陋，没有用纸箱盒子装，快递容易把书本弄坏，把那个书本弄得很旧。不够新，只有实务是没有拆开的还新一点，就四本试题！还好是正品！,8
982,备考2019初级会计职称2018官方教材+东奥轻松过关一+历年真题（套装全8备考2019初级会计职称2018官方教材+东奥轻松过关一+历年真题（套装全8备考2019初级会计职称2018官方教材+东奥轻松过关一+历年真题（套装全8备考2019初级会计职称2018官方教材+东奥轻松过关一+历年真题（套装全8备考2019初级会计职称2018官方教材+东奥轻松过关一+历年真题（套装全8备考2019初级会计职称2018官方教材+东奥轻松过关一+历年真题（套装全8备考2019初级会计职称2018官方教材+东奥轻松过关一+历年真题（套装全8备考2019初级会计职称2018官方教材+东奥轻松过关一+历年真题（套装全8,69
983,个头小份量轻方便携带，可以随时翻看强化记忆，美中不足的是书后有折页影响美观！其它服务都很好！,30
984,前一天晚上买第二天早上就到了太快了！救了我因为要写文档,16
985,图书质量很好，内容也不错，京东物流真是快,27
986,这本书对虚拟跟现实进行了深入分析，还归纳出来8大行业领域，对相关内容、技术发展水平和实际应用情况讲解的很详细，很不错的一本书。,44
987,很不错的一本书，不仅对行业进行了分析，而且还有案例展示、配图介绍的很详细，支持，给好评。,44
988,一次愉快的购书，不仅书本内容丰富，实用，物流速度还快，还能get到很多小技巧，好评！,24
989,有好多有用的案例实操，还有很多给力的知识点，APP功能、特色、营销技巧等，很不错,44
990,灰常好，速度快，价格优惠，赞赞赞,63
991,好哟好的。物流很给力,35
992,看完书学到好多知识呀，案例分析的特别到位，666~,44
993,挺适合VR部的小伙伴,89
994,整本被折辽,34
995,很好的书，翻译流畅，作者构思精巧，娓娓道来，很值得细细品味，好评。谢德林是现实主义讽刺大师，他的作品常常针对当时的人和事，进行含沙射影或指桑骂槐的讽刺，谢式幽默被称为“带着鄙视和愤怒的笑”。此次由上海译文出版社推出的张孟恢译《谢德林作品集》，版本不错，硬精装，书脊作锁线处理，纸质优良，排版印刷舒服，值得珍藏。,25
996,京东图书满300-100，配上文学券再减60,53
997,送货很快！一直非常喜欢策兰的诗，买了一套，装帧漂亮，慢慢看！,99
998,保罗策兰的诗配这个封面很搭,4
999,保罗策兰全集终于出啦,59
1000,书已经收到了，保罗策兰的诗写的很好，这个书的质量也不错，翻译的也还好,99
1001,现在的包装都这么残忍啊，还好我这没事,80
1002,好书，最近天气冷，刚好可以读书,4
1003,保罗策兰的书，出一本收一本,34
1004,期待已久的好书，京东正品，值得信赖。,61
1005,正版，质量很好,32
1006,挺好的！就是女儿说只有2本看得懂！,76
1007,包装精美，书本事就更不用说了，听了介绍买的，好书,27
1008,孩子六年级了，很喜欢这套书，对他帮助很大,72
1009,东西很好很实用，物流很快，小哥态度也好,63
1010,收到啦！质量很好,63
1011,挺不错的！！！,17
1012,内容不错，等细看中，好好学习,40
1013,不错，抢购时买的，还参加150-50活动，叠加了200-100券超值,13
1014,味道非常不错，还是自己做的好吃点。。。。,59
1015,不考试也可以买来学习提高一下！高顿报班的好像统一都用这个教材,40
1016,京东买书就是划算，低价买知识，囤书的感觉真好,53
1017,好好学习一下，京东有活动,70
1018,给单位买的书，送货快，非常满意,27
1019,此书已经看了很长时间，终于赶上京东打折，很给力,38
1020,商品不错，快递不错，服务不错,47
1021,先进理念，不考也值得一看,33
1022,双11购买的。不得不说京东购书非常划算，包装严实。收到书后如果有破损还免费更换。太省心省事。以后买书就来京东。,13
1023,不错，已经习惯在京东上买东东了。,70
1024,没想到京东没有现货，还需要采购，直接耽误用了。,80
1025,还没看这本书，不过宝贝喜欢,1
1026,不错，一如既往的好,89
1027,好,81
1028,配送非常快，服务到位，周到，热情！,35
1029,非常满意，孩子刚刚上一年级，有很多看图写话的题，希望这个对他有帮助。书的质量非常好,72
1030,活动价购买的，超值，书的质量非常好，小孩很爱看书，觉得这类书很适合她看，内容很丰富，很喜欢,38
1031,物流很快，次日达，书的纸质比较粗糙，但印刷还是清晰的，内容还是很丰富的。,27
1032,书本很厚，内容丰富，价格实惠，孩子喜欢。,72
1033,小朋友喜欢看书，买本与课程相关的，看看他喜欢不喜欢。,95
1034,好大一套书，封面很精美，字体大小合适，主要是内容很全面，孩子可以在今后的写作中，找到很多例文参考。值得购买的一套好书。而且还有写作技巧的讲解和榜样范文，作为范例，对儿子写作文来说是很好的引导！读孩子写作一定有很大帮助！,54
1035,这两本书值得购买，纸张印刷都还可以。,76
1036,很不错，嘿嘿！孩子应该会喜欢的，孩子写作能力不好，希望有帮助！,54
1037,现在信赖首选京东默默哒一直看着它一年一年发展的越来越好，心里也在为京东发展壮大而加油打气。为什么我喜欢京东购物，因为可以当天买自己喜欢的商品，阴天就可以到达客户的家中，为什么我所有的评价都相同，因为在京东买的东西太多太多，商品积累的太多没有评价，最佩服的，还是京东物流，有时晚上11点前动动手指，购买的商品，第二天上午就送到单位或者家里，还可以刷卡付款。自营的商品挺有保证，售后，有问题打专属客服热线。客服很赞，一句话的事儿，直接上门取件退，上门更换新商品，家电有价保，一个月退货，半年换货，实体店儿弱爆了，根本没有竞争力与京东相提并论；比老家的商铺街上的价格省了一大截票子哈，宝宝平时基本不逛街，在家逛京东商城就能买到合意的超值商品，有些明显比超市还划算，而且还一模一样的吃喝生活用品哟，小宝贝们快来选购吧!既省钱，又节省时间，永远支持信誉商家《京东》,55
1038,京东就是快，书的质量不错！希望对孩子有帮助，刚上一年级的小朋友！,38
1039,很好很好很好很好很好很好很好很好很好很好很好,2
1040,都是喜欢的书，活动很划算的说。,64
1041,用处不大，每个地方就介绍那么几页,78
1042,细笔没啥用，王府井小吃街都没了还在书中列出,86
1043,非常好，说的很详细，很有益处！,62
1044,不错,7
1045,不好书很脏很旧坏了,21
1046,快速员态度很好，书质量很好，价格还优惠了，以后买书就选京东。购物体验太好了！,87
1047,京东买书物美价廉物流超快感觉极好谢谢京东,38
1048,新書剛出就馬上入手了，家中本來有舊譯本，是時候更新換代了。,76
1049,買了《精神分析引論》就同單一起購買了，湊一套。,64
1050,《精神分析新论》是《精神分析引论》的续篇，发表于《精神分析引论》出版的十五年后，继承了前一部作品的章节序号，是对《引论》的延续和补充。,94
1051,极简主义Minimalism是二战后兴起的艺术流派，又被称为MinimalArt。极简作品里降低了作者的自我表现和意识压迫，更多去呈现物本身和最初的质感，这股风潮影响了艺术、设计、建筑、音乐等很多领域，20世纪70年代，影响力也扩散到时装领域。,29
1052,极简主义Minimalism是二战后兴起的艺术流派，又被称为MinimalArt。极简作品里降低了作者的自我表现和意识压迫，更多去呈现物本身和最初的质感，这股风潮影响了艺术、设计、建筑、音乐等很多领域，20世纪70年代，影响力也扩散到时装领域。,29
1053,《精神分析引论》是弗洛伊德的代表作，也是精神分析学派的纲领性作品。弗洛伊德在书中对人的各种失误行为、梦和神经症进行了由浅入深的分析，探讨了以精神分析方法治疗神经症的可能性。,94
1054,京东自营就是快啊，基本都是隔天就到。,45
1055,服务好！礼品还真是漂亮，超值！但，有一颗小珠有些瑕疵，这是难免的。尺寸比想象中的要小。总体还不错！,30
1056,服务好！礼品还真是漂亮，超值！但，有一颗小珠有些瑕疵，这是难免的。尺寸比想象中的要小。总体还不错！,30
1057,给孩子买的学习参考书，希望对孩子学习有帮助。京东送货真是快，喜欢。,87
1058,不大好，东西9号买，说10号能到，结果到14号才到，拖了好久。很不满意！,47
1059,给孩子买的辅导书，希望有帮助,11
1060,三天就到了一点也没耽误，我信任京东。,47
1061,东西很好.......送货速度快,35
1062,很有价值的一本书，推荐！,77
1063,好教辅，孩子很喜欢，点赞。,17
1064,还是不错的用起来很舒服。,39
1065,内容全面,81
1066,还好吧,37
1067,这就是四个伟大，好好读读，必有收获,56
1068,很好很不错好书继续支持,10
1069,买了一整套，孩子喜欢，说不错,75
1070,不错，开阔一下视野，包装简陋,32
1071,东西正宗，品质保证，性价比超高。值得推荐，下次还会继续购买。,0
1072,书很不错，配送还可以，很喜欢,27
1073,好好好好好好好好好好好好好,20
1074,我们的征途是星辰大海,37
1075,很好的书，一直盼着入手，终于忍痛下手了，有点贵哦！,99
1076,相信移民火星是早晚的事儿，所以提前买来做准备吧！,33
1077,质量没问题，正版,32
1078,很好很喜欢希望京东多搞一些图书优惠活动推动全民阅读,38
1079,好好好好好好好好,20
1080,还行，有点贵了，没多少内容,21
1081,看了电影黄金时代之后，开始喜欢上萧红。喜欢她洒脱不羁的性格，虽说她亦是苦的，一生短暂悲凉，但是活的纯粹，在文学上的造诣也是不可小觑的，她是有代表性的，去年读了她的商市街，写的很好，许广平说，人人都知道贫穷，可是没有几个人能把贫穷写的这么触目惊心，这就是萧红，今天又收了她的呼兰河传，作为一个东北人，对于描写东北生活的这部作品充满期待和向往，后面会再收入生死场。但书，是要慢慢静下心来读的，不急不躁，用心感受就好。这本书淡蓝色的封面，很安静，内页纸张很厚实，排版也很好，读起来很舒服，京东自营这本书有很多版本，挑了很久，人民文学出版社的这个版本很不错，虽然价格略高一些，但是质量和美感都是好的，值得收藏！,52
1082,外表看着美观大气上档次。一直信任京东。质量不错，送货很快，服务很好！太漂亮，大气，档次高，超喜欢。货比三家，选的也好是辛苦啊?现在除了一碗热气腾腾的拉面，在强哥这里买不到其他的，只有你想不到没有买不到?上午下单，下午到家速度啊！看着还行货品不错，装了实用。质量可以。是值得购买不错不错不错！！！！！！用了还可以，刚开始用有点涩。很干净，质感也不错，价位适中，性价比一般吧。不错物流一天就到了整体感觉很不错，收到就用了，挺喜欢的，这个用的好，还要买多几个。物美价廉，用着看看吧，免去市场购物之劳，推荐答案我为什么喜欢在京东买东西，因为今天买明天就可以送到。我为什么每个商品的评价都一样，因为在京东买的东西太多太多了，导致积累了很多未评价的订单，所以我统一用段话作为评价内容。京东购物这么久，有买到很好的产品，也有买到比较坑的产品，如果我用这段话来评价，说明这款产品没问题，至少85分以上，宝贝收到了，非常喜欢，质量很好，卖家热情，物流给力，非常愉快的一次购物，好评！,55
